DBS0236830	BSR cassette in HincII site of PTEN genomic fragment (P195:P1614)
DBS0236426	KO-vector=insp6k-bsr-pBluescript
DBS0236895	pMYC10 + FOA selection
DBS0236896	pRH155 (pers. commun.)
DBS0236440	pRJ648
DBS0236436	DBP0000027
DBS0236455	pJK1 (pB18 with cAR1 expression cassette)
DBS0236831	pJK1-pten-GFP
DBS0236464	NPT1
DBS0236767	pMYC32 or pYL23
DBS0237017	bsr cassette in TorA gene
DBS0235560	pCP105?
DBS0236457	pB18cAR3
DBS0236575	pMYC14B
DBS0237092	truncated yakA with GFP in neo vector
DBS0235407	Bluescript-NPT1 with cAR1 fragments
DBS0237018	TorA-GFP in pMC34
DBS0235945	DBP0000407
DBS0235609	pDMK
DBS0236866	rasG-gly12 in pB10TP4
DBS0236142	patB-KO
DBS0236290	pDIV5(DpnII)
DBS0236530	pPL6 fragment
DBS0236443	FOA selection in FM
DBS0236867	RasG-thr12 in pB10TP4
DBS0235559	DBP0000032
DBS0236876	pDH29 + rtoA PCR fragments=pRtoA-KO
DBS0236456	pBS18B6
DBS0236369	pLNF-1(3-1);religation of BclI digest of HR6
DBS0236962	pADI(=109)+pB10TP
DBS0235562	DBP0000087
DBS0235700	pRG24 + FOA selection
DBS0237044	DBP0000261
DBS0236184	act15/cnxA-RSSSKLK-gfp(S65T) in pDEXRH(G418)
DBS0236188	act15/crtA(1-21)-gfp(S65T)-crtA(22-424) in pDEXRH(G418)
DBS0236362	MtpDXApChta [fbxA/myc-fbxA]
DBS0236229	BglII fragment of pdeltaPYR + FOA selection
DBS0236528	pG&#946;-neo?
DBS0235537	pDXA/VatM-GFP
DBS0235548	pDXA/VatM-GFP
DBS0236486	none
DBS0235564	(car1-gfp)
DBS0235565	(car1-yfp)
DBS0235627	(crlA-bsr)
DBS0235629	(crlb-bsR) from pMZ52
DBS0235630	(crlC-bsR) from pMZ37
DBS0235984	G&#945;4::PYR5-6
DBS0236451	G&#945;5::THY1 (pJH214)
DBS0236446	(PYR5-6-THY1)
DBS0236376	V/A6-gal (A6/lacZ)
DBS0236356	DBP0000044
DBS0236546	p&#916;MHC-A5
DBS0236568	p?
DBS0236354	V/A6-gal (A6/lacZ)
DBS0236355	V/A6-gal (A6/lacZ)
DBS0236329	DBP0000053
DBS0236484	DBP0000405
DBS0236289	pDIV5
DBS0236268	pHM338
DBS0236296	pRHI130
DBS0236256	pRHI114
DBS0236288	pDIV5
DBS0236257	pRegAKO
DBS0236261	pC6+mutated sequence
DBS0236262	pC6+mutated sequence
DBS0236260	pDT5
DBS0236259	pDmt-KO
DBS0305825	bsR resistance cassette
DBS0236531	not specified (pG&#946;-URA)
DBS0236527	DBP0000071
DBS0236007	aleA (gefA) cDNA in extrachromosal vector based on pATANB
DBS0235696	pRG24 + FOA selection
DBS0235626	pWF1 (CRAC-GFP in B18)
DBS0237087	pBSR3-BglII? (yakA-::bsr)
DBS0235610	BglII fragment in either pB18 (integrating] or pJK1(extrachromosomal) (both neo vectors)
DBS0236454	Asp718 fragment of pUCPYR5-6-SalI-linker + FOA selection
DBS0236739	pGIK
DBS0235635	DBP0000032
DBS0236370	DBP0000033
DBS0236349	V/A15-gfp
DBS0236330	pTX-GFP (A15/gfp-neo)
DBS0236331	pChtAprom-GFP (fbxA/gfp-neo)
DBS0235536	pDdA15gfp
DBS0236957	pDcsA1
DBS0236350	DBP0000179
DBS0236444	pJH1.2(am)-tetO:Glu(su)
DBS0236141	patB-KO
DBS0236445	(PYR5-6-THY1)
DBS0236429	pGEM25 with insertion of neomycin gene under control of actin15 promoter
DBS0236430	pGEM25 with insertion of hygR gene under control of actin15 promoter?
DBS0235697	pRG24 + FOA selection
DBS0235568	p? is thy1 gene with car4 fragment
DBS0236783	p? is 5' and 3' ddPK3 fragments with thy1
DBS0236603	bsr cassette
DBS0236438	DBP0000019
DBS0235663	pDU3B1.D+FOA selection
DBS0236231	pDIV1 (BglII fragment of pdeltaPYR + FOA selection)
DBS0236449	(PYR5-6-THY1)
DBS0235953	pJB1+BamH1
DBS0236961	DBP0000283
DBS0236145	pNcsA-KO
DBS0236146	pNcsA-KO
DBS0236147	pNcsA-KO
DBS0236309	DBP0000062
DBS0235692	DBP0000032
DBS0235683	DBP0000032
DBS0235689	DBP0000032
DBS0236367	dhkA-KO
DBS0236360	pSTB-6
DBS0236366	dhkA-KO
DBS0236979	pCDI(=#4)+pB10TP
DBS0237023	pVDI(=#107)+pB10TP
DBS0235461	DIV6
DBS0235462	csb-KO vector
DBS0235463	DBP0000228
DBS0236997	act15::lacZ
DBS0237001	DBP0000229
DBS0236738	pGIK
DBS0236924	9A/O7plasmid (scar null construct)
DBS0236740	pGI-ura
DBS0235668	pUC118Bsr&#916;BamHI
DBS0235670	DBP0000033
DBS0236941	pBSR3/sonA-1
DBS0236447	(PYR5-6-THY1)
DBS0235459	pDeltaAA
DBS0235459	p?AA
DBS0236077	pDabgel1.5
DBS0236175	plastin-KO
DBS0235923	pDNeo2 -DS211C
DBS0236951	srfA-bsr
DBS0236353	DBP0000179
DBS0236374	pTX-Atg5-GFP
DBS0236375	pTX-GFP-Atg8
DBS0236333	pTX-GFP-Atg7
DBS0236336	pAtg1-1
DBS0236373	DBP0000011
DBS0236337	DBP0000011
DBS0236338	pTX-GFP-Atg8
DBS0236344	atg6-KO
DBS0236468	pecmA/IGFP
DBS0236469	ptagB/IGFP
DBS0236470	pB65Cla
DBS0236472	pDtipA2 (pdeltatipA2)
DBS0236420	pISAR + FOA selection
DBS0236920	RCis2B fragment
DBS0235466	DIV10+DpnII
DBS0236143	DBP0000056
DBS0236725	DBP0000055
DBS0236725	patA-AS
DBS0237225	cupB-AS in pDXA-HC
DBS0237042	pDXA/VatM-GFP
DBS0235545	none
DBS0235699	pRG24 + FOA selection
DBS0235950	pR7-Bcl
DBS0237030	pUrk-
DBS0237029	pUrk-
DBS0236750	pGCap-0.9
DBS0236840	pJB-1
DBS0236607	p5''3''bsr
DBS0236606	pNosA-bsr
DBS0236986	A15::dcsA+
DBS0235900	DBP0000315
DBS0235566	carB-thy
DBS0236160	pNeoPLCko
DBS0236899	5cAR3ura (see d4673/8382181)
DBS0236897	pRJ648
DBS0236439	precursor of pMC25 (see d4829)
DBS0235460	DBP0000228
DBS0236987	p2C3/BSR
DBS0235465	DBP0000228
DBS0235682	DBP0000032
DBS0235666	pUC118bsr&#916;BamHI
DBS0235644	DBP0000100
DBS0235645	DBP0000101
DBS0235646	DBP0000100
DBS0235648	pMKC-BSR1
DBS0235649	pUNK-KO + pMKC-Hyg1
DBS0236258	pDIV5
DBS0237056	pWTC10(pDIV5+flanking sequence)
DBS0236377	DBP0000011
DBS0236378	pTX-Atg5-GFP
DBS0237232	pDexRH-pI-ascDNA
DBS0236826	pDexRH-pII-cDNA
DBS0236827	pDexRH-pI-ascDNA
DBS0236537	DBP0000044
DBS0235555	pBSRDBgl
DBS0235557	pBSRDBgl
DBS0235678	pBSR1 with DpnII
DBS0235418	pB10R-S=act15/pkaR
DBS0235661	Ddcdk8-bsr
DBS0236779	PIPkinA-bsr
DBS0236086	pB10T+pGPA (cotransformation)
DBS0236111	pB10T+pGPL (cotransformation)
DBS0236751	pGI-1+pB10TP (cotransformation)
DBS0236383	p240 ClaI
DBS0236737	pGI-ura
DBS0236709	pakB-KO
DBS0236418	pcdBNBsr13
DBS0236479	p244Cla
DBS0236458	p244Cla
DBS0236716	SL405 (pakc/bsr)
DBS0236708	SL515 (pakb/bsr)
DBS0236715	SL405 (pakc/bsr)
DBS0236715	SL516 (pakb/hyg)
DBS0236939	pSmlA-KO (pDIV2)
DBS0236875	pRtoA-KO = pDH29 + rtoA PCR fragments
DBS0235611	pCMF-KO
DBS0235624	pCTN-KO
DBS0235585	p50KO
DBS0235581	pDNeo67.270-6/W
DBS0235580	pDNeo67.270-6/RI
DBS0235579	pDNeo67.270-6/pDdX
DBS0235582	pDNeo67.CelB
DBS0235583	pDNeo67.CelB-T
DBS0237088	yakA/bsr (yakA-::bsr)
DBS0235594	DBP0000356
DBS0235595	DBP0000356
DBS0235572	DBP0000124
DBS0236853	rasC::bsr
DBS0236448	PYR5-6-THY1
DBS0236854	rasC::thy1
DBS0236860	pATW5
DBS0236452	pJH206 (hi copy)
DBS0236453	pJH206 (low copy)
DBS0236385	p240ClaI
DBS0236419	cotE-KO
DBS0236416	FT85-KO
DBS0236346	pAtg1-1
DBS0236347	atg5-KO
DBS0236371	atg5-KO (apg5-KO)
DBS0236372	atg7-KO (apg7-KO)
DBS0236905	rps4-OE vector
DBS0236544	mfeA-KO
DBS0236340	atg8-KO
DBS0236823	pA6GFP
DBS0235556	pREMI:GFP
DBS0236123	aar-KO (aar cDNA with bsR cassette)
DBS0236226	DBP0000470
DBS0236126	pBlast-dpoA-Cla
DBS0236127	pBlast-dpoA-Cla
DBS0235657	pSTATa-KO
DBS0236304	pGEM-T-atg1-705-bsr519
DBS0236305	pGEM-T-atg1pcr-Bam-bsr519
DBS0236307	pdcsA-KO
DBS0236306	pDneo2-atg1
DBS0236461	pDtipA2 (pDeltatipA2)
DBS0236959	DBP0000281
DBS0236960	DBP0000282
DBS0236124	pBlast-dpoA-Cla
DBS0236125	pBlast-dpoA-Cla
DBS0236332	DBP0000053
DBS0236334	DBP0000053
DBS0236335	DBP0000053
DBS0236339	V/psA-gal (pspA/lacZ)
DBS0236341	V/psA-gal (pspA/lacZ)
DBS0236342	V/psA-gal (pspA/lacZ)
DBS0236343	V/psA-gal (pspA/lacZ)
DBS0236352	V/A6-gal (=A6/lacZ)
DBS0236228	pDU3B1.D+5-FOA selection
DBS0236233	DIV-1+5-FOA
DBS0236232	pKD31-3
DBS0236234	pLG4Pyr
DBS0236235	pLG4Pyr
DBS0236985	dcsA-KO
DBS0235584	p45-1KO
DBS0235612	pCMFR-KO
DBS0235493	DBP0000220
DBS0235495	DBP0000219
DBS0235492	DBP0000219
DBS0235496	pPspD-lacZ
DBS0235494	ampA/lacZ
DBS0235544	ampA/lacZ
DBS0237015	pLDI
DBS0237016	pLDI
DBS0236361	pSTB6-HindIII
DBS0236363	DBP0000032
DBS0236364	DBP0000032
DBS0235567	DBP0000124
DBS0235467	p120Cla
DBS0236999	cotB/lacZ
DBS0236988	dhkC-bsr
DBS0237000	pecmA/lacZ
DBS0237014	wacA-bsr
DBS0236998	actin15::lacZ
DBS0235410	pkaR-KO
DBS0236996	DBP0000229
DBS0237004	DBP0000229
DBS0235411	pkaR-KO
DBS0237002	DBP0000229
DBS0237003	DBP0000229
DBS0237005	DBP0000229
DBS0237007	ecmA::lacZ
DBS0236981	cotB/lacZ
DBS0237012	pstO::lacZ
DBS0237013	pbsr/cadA
DBS0236083	pDEXRH-golvesin-gfp
DBS0236063	pDEXRH-gfp-golvesin
DBS0235406	DBP0000370
DBS0236060	DBP0000371
DBS0236061	GFP-(N)-&#916;(559-579)-golvesin
DBS0236062	GFP-(N)-golvesin-(L9A
DBS0236062	L10A)
DBS0236006	pGDT2-bsr
DBS0236018	pGEG10-KO
DBS0237028	DBP0000228
DBS0236539	pUCBsr&#916;Bam-mdr
DBS0237046	pBsr-Nsi-VwkA-KO
DBS0236197	DBP0000033
DBS0235647	pMHC3xALA
DBS0235650	DBP0000208
DBS0235413	DBP0000027
DBS0236450	(PYR5-6-THY1)
DBS0236541	(mek1-KO)
DBS0236542	(smkA-KO)
DBS0236938	(smkA-KO)
DBS0236904	rps4-AS vector
DBS0236311	pPROF128 (hspA-antisense in pDNeo2)
DBS0235547	PL3/lacZ
DBS0236365	DBP0000032
DBS0236359	DBP0000344
DBS0236368	pRegA-KO
DBS0235990	L9 (gbf/thy)
DBS0236900	rip3/bsr
DBS0237009	p56Gal
DBS0237006	DBP0000229
DBS0235469	p120Cla
DBS0235470	pIS517
DBS0236116	pDcsA1
DBS0236958	pRegA-bsr
DBS0236975	pTagC-DIV?
DBS0236982	pDdNeoII-csbA-as
DBS0236983	pDdNeoII-csbA-s
DBS0236481	pDtipD
DBS0236459	pecmA/lacZ
DBS0236462	pDB58 (pDeltaB58)
DBS0236480	pDtipCu (pdeltatipCu)
DBS0236460	pDtipDu (pDeltatipDu)
DBS0236463	pB65Cla
DBS0236465	p244Cla
DBS0236474	pDB58 (pDeltaB58)
DBS0236476	pB65Cla
DBS0236467	p244Cla
DBS0236477	pB65Cla
DBS0236475	pDB58 (pdeltaB58)
DBS0236466	pcotB/IGFP
DBS0236473	pDB58 (pdeltaB58)
DBS0236471	pDB58 (pdeltaB58)
DBS0236482	pDtipA2 (pdeltatipA2)
DBS0236483	pDB58 (pdeltaB58)
DBS0236122	pBlast
DBS0237035	vasp-bsr (bsR cassette inserted in the ORF replaced codons 111 to 228)
DBS0236880	rck-bsr (bsR cassette inserted in second BglII site of RCK1)
DBS0236784	pkb-bsR (bsR cassette at position 520 of Akt/PKB ORF)
DBS0236015	pGEG04-KO-KAX3
DBS0236016	pGEG04-KO-V12
DBS0236017	pGEG10-KO
DBS0236417	pTOPO-PH1-BsR
DBS0237220	pDNeo2-dd-TRAP1
DBS0237315	DBP0000115
DBS0236236	pKD31-3 linearized with BamHI/BglI
DBS0236237	pKD31-3 linearized with BamHI/BglI
DBS0236766	??
DBS0235951	DBP0000104
DBS0235952	DBP0000105
DBS0235491	p82ClaI
DBS0235490	p12-3NdeI
DBS0235468	p120Cla
DBS0237010	csb-KO vector
DBS0237011	csaA-pyr5-6
DBS0236348	V/63-I-S65T-gfp
DBS0236064	pDEX-GFPN-vatB
DBS0236696	pDEX-GFPC-Nramp1
DBS0236697	pDEX-GFPC-Nramp1
DBS0236843	DBP0000285
DBS0236844	DBP0000287
DBS0236067	pTX-GFP-CypE
DBS0236994	pA15/lagC
DBS0236995	pA15/lagC
DBS0236990	N27 (pA15/gbfA)
DBS0236177	pUC-bsr-talin (EcoRI/HindIII fragment)
DBS0236179	pUC-bsr-talin (EcoRI/HindIII fragment)
DBS0236185	pDEX-gppA-GFP
DBS0236186	pDEX-gppA-GFP
DBS0236910	rrpC-bsr-cre
DBS0235922	pDrnA-KO
DBS0236005	DIV-2
DBS0236913	A15/rtoA (rtoA cDNA in pDXA-3H)
DBS0236912	A15/rtoA (rtoA cDNA in pDXA-3H)
DBS0236540	pMDR
DBS0235417	CF60B-OE
DBS0235416	CF60B-AS
DBS0235509	aprA-bsr
DBS0235510	actin15::aprA
DBS0236921	psadA-KO
DBS0236922	DBP0000308
DBS0235917	dnmA-bsr
DBS0235918	dnmA-C-myc
DBS0236906	rrpA-bsr
DBS0236907	rrpA-flox-cre
DBS0236909	rrpB-flox-cre
DBS0236908	rrpB-bsr
DBS0236153	hcpA-bsr
DBS0236154	hcpA-flox-cre
DBS0236163	helF-bsr
DBS0236955	pDSyn
DBS0236765	pten-hyg
DBS0236794	pNeoPLCko
DBS0236793	pUraPLCko
DBS0236795	act15:DdPLC
DBS0236762	phlp1/bsr
DBS0236764	phlp3/bsr
DBS0236734	pde4/bsr
DBS0236000	psCycKOpyr
DBS0236000	ddgca-bsr
DBS0235992	pcr pruducts with selection cassettes
DBS0235991	pcr pruducts with selection cassette
DBS0235997	pcr pruducts with selection cassette
DBS0235993	pcr pruducts with selection cassette
DBS0235995	pcr pruducts with selection cassette
DBS0235996	pcr pruducts with selection cassettes
DBS0235428	pDabp1- /pSP72-BSR
DBS0237096	pTX-deltaGFP-Dabp1
DBS0237174	pDXA-myoE-EYFP
DBS0237115	pTX-GFP-Dabp1
DBS0237113	pTX-GFP-ADFH
DBS0237114	pTX-GFP-SH3
DBS0237201	pDXA-EYFP-myoE
DBS0237172	pDXA-3H-E698
DBS0236877	rblA interrupted with BSR between nt 903 and 1699
DBS0235561	CAP-bsr
DBS0235915	dng1-bsr
DBS0235515	DBP0000202
DBS0235464	DIV6
DBS0236796	PLDB-bsr
DBS0236798	A15pldB-neo
DBS0235538	A15pldB-neo
DBS0235698	pRG24+FOA selection
DBS0235412	gp130/pyr5-6
DBS0235414	gp130/pyr5-6
DBS0235965	pTX-flag-vwk
DBS0236074	pTX-gfp-vwk
DBS0237008	wacA-ura
DBS0236991	acbA-bsr
DBS0236992	A15::acbA/neo
DBS0236993	A15::acbA/neo
DBS0236189	pBsr2-cnx
DBS0235632	neoR-cnx
DBS0236566	pmlcE-thy1
DBS0236567	pRMLC-thy1
DBS0236916	pBVN5115
DBS0236517	lst8/bsr
DBS0236357	DBP0000033
DBS0236351	DBP0000033
DBS0236572	pGEM7-mybE::hygR[574-2079]
DBS0237180	pDEX-GFPC-Nramp1
DBS0235600	ctxB-bsr
DBS0236387	p&#916;MHC-A5
DBS0236182	GFP-tubulin-bsr
DBS0236181	pDEXRH[GFP-TubA]
DBS0235963	pTX-FLAG-mlcB
DBS0236538	pBsrH-MBP-mlcB
DBS0235964	pTX-FLAG-myoB-S332E-&#916;Tail
DBS0236855	DBP0000032
DBS0236172	cor-neo
DBS0236173	cor-neo
DBS0236174	cor-neo
DBS0236176	pA15-GFP-actin
DBS0236183	GFP-neo
DBS0236065	Gfp-Arp3 in pDEXRH
DBS0236597	napA::bsr
DBS0236599	pirA::?
DBS0235409	pKB07
DBS0237052	pBSSK(+)
DBS0237051	Bsr cassette
DBS0236075	DBP0000356
DBS0235994	PCR product with Bsr cassette (pJS84)
DBS0236386	pJS18
DBS0235513	pARKO (SacII-ApaI fragment)
DBS0235899	dimB-KO + pDNeoII
DBS0236699	coding sequence flanking bsr cassette
DBS0236009	gefB-bsr
DBS0236868	gefC-bsr
DBS0236869	gefD-bsr
DBS0236870	gefE-bsr
DBS0236871	gefL-bsr
DBS0236011	gefG-bsr
DBS0236519	pEKKO-1 (lvsA fragments in pRHI30)
DBS0236521	DBP0000292
DBS0236522	DBP0000293
DBS0236523	DBP0000294
DBS0236524	DBP0000295
DBS0236525	DBP0000296
DBS0236845	DBP0000288
DBS0236847	DBP0000286
DBS0236846	DBP0000286
DBS0236848	DBP0000286
DBS0235408	pB15-tubC-GFP
DBS0236282	Arp2-GFP
DBS0237309	DBP0000045
DBS0237153	DBP0000356
DBS0237149	DBP0000356
DBS0237150	pTX-FLAG-grxA(C21S)
DBS0236555	pTX-GFP-C121-498
DBS0236554	pTX-GFP-C1-498
DBS0236553	pTX-GFP-C1-452
DBS0236118	pVS-His6-GT78
DBS0236119	pVS-His6-GT78(2-310)
DBS0235614	coa-bsr
DBS0235667	DBP0000032
DBS0236164	pdD-HelF-GFP
DBS0236155	pdD-HcpA-GFP
DBS0236156	pdD-HcpA-RFP
DBS0236071	pdD-HcpB-GFP
DBS0236158	pdD-HcpB-GFP
DBS0236157	pgem-hcpB-bsr
DBS0236070	pdneo-GFP-HcpA
DBS0236152	pDd-hcpADeltaC-GFP
DBS0236159	pDd-hcpBdeltaC-GFP
DBS0236536	malA::BSR
DBS0236936	sigB::BSR
DBS0236559	midA::BSR
DBS0236034	pGEM-T
DBS0236035	pGEM-T
DBS0236036	pGEM-T
DBS0236037	pGEM-T
DBS0236041	pGEM-T
DBS0236042	pGEM-T
DBS0236043	pGEM-T
DBS0236044	pGEM-T
DBS0236045	pGEM-T
DBS0236046	pGEM-T
DBS0235613	pGem-T
DBS0235429	aca-KO
DBS0235653	pBsr-Delta-Bam
DBS0236797	pPT131-act15-pldB-GFP
DBS0236703	pDdA15gfp
DBS0236701	pDEX79
DBS0236700	pDEX79
DBS0236121	DBP0000009
DBS0237235	pAG03as
DBS0236068	pDEX-GFP
DBS0236066	pDEX-GFP
DBS0235947	pBsr-deltaBglII-EppA-KO
DBS0235948	pDNeoII-myc-eppA
DBS0235444	pDNeoII-myc-eppA(S250A)
DBS0235445	pDNeoII-myc-eppA(S325A)
DBS0235634	DBP0000045
DBS0236435	scrA::pyr5-6
DBS0236923	pirA::bsr
DBS0237031	vacA-bsr cassette
DBS0237032	vacB-bsr cassette
DBS0237216	pDNeoII-112
DBS0236004	2.9-Bsr-XbaI
DBS0235664	pBSr1
DBS0235673	DBP0000032
DBS0235665	pDIV1 (pyr56)
DBS0236513	pDIV1 (pyr56)
DBS0235471	DBP0000032
DBS0236600	napA::bsr
DBS0236780	pirA::bsr
DBS0236781	pirA::bsr
DBS0236926	scrA::pyr5-6
DBS0235701	pRG24 + FOA selection
DBS0236379	pTZD1THY (5.8-kb XbaI/ScaI fragment)
DBS0236380	DBP0000012
DBS0237170	pDXA-3H-E698(S336E)
DBS0237173	pDXA-3H-E698-2R
DBS0237168	pDXA-3H-E698(S336A)
DBS0237169	pDXA-3H-E698(S336A)-2R
DBS0237171	pDXA-3H-E698(S336E)-2R
DBS0236928	DBP0000444
DBS0235546	Ddp2-ORF-pyr5-6
DBS0236170	myo3xTA
DBS0236187	csA/dajumin-GFP fusion construct
DBS0236178	pUC-bsr-talin (EcoRI/HindIII fragment)
DBS0236180	pUC-bsr-talin (EcoRI/HindIII fragment)
DBS0235598	ctxA-neo
DBS0235599	ctxA-neo
DBS0237108	pDEX-RH
DBS0236103	pJH250
DBS0236101	pJH252
DBS0236102	pKN2
DBS0236104	pKN1
DBS0237213	pDNeoII-275
DBS0237212	pDNeoII-175
DBS0237214	pDNeoII-264
DBS0237215	pDNeoII-226
DBS0237211	pDNeoII-174
DBS0236850	pRacHdis
DBS0237129	pDEX-GFP
DBS0237128	pDEX-GFP
DBS0237124	pDEX-GFP
DBS0237132	pDEX-GFP
DBS0237131	pDEX-GFP
DBS0237126	pDEX-GFP
DBS0237133	pDEX-GFP
DBS0236901	pExp4(+)-ripA
DBS0236902	pExp4(+)-ripA(K680E/R681E)
DBS0237249	DBP0000118
DBS0237151	DBP0000111
DBS0237230	pDEX-INO1
DBS0237228	pATANB43
DBS0236085	pUC-BSR-deltaBam
DBS0237145	pKZ-DIPj
DBS0236106	pG&#945;7-thy (pLW72)
DBS0237146	pKZ-DIPj
DBS0236108	pG&#945;8-thy (pLW75)
DBS0235961	neoR-fimA
DBS0235962	bsR-fimA
DBS0235425	bsR-fimA
DBS0235570	carB-thy
DBS0236113	bsR-DdmGluPR
DBS0236114	bsR-transposon
DBS0236115	bsR-gskA
DBS0237167	pExp4(+)
DBS0237127	pDEX-GFP
DBS0237273	pVC87 (pVEII)
DBS0237293	pJLW30
DBS0235569	pJLW30
DBS0236110	pJLW30
DBS0236100	pJLW30
DBS0236862	DBP0000507
DBS0236863	DBP0000508
DBS0236858	DBP0000509
DBS0237155	pPROF294
DBS0237156	pPROF295
DBS0237154	pPROF298
DBS0237197	pPROF299
DBS0236493	pDGFP-krsA-Neo
DBS0237117	pDGFP-krsA-Neo
DBS0237236	pMB35-trrA
DBS0237199	DBP0000356
DBS0235891	DBP0000032
DBS0235505	apm1(373-578)-BSR-apm1(579-1287) in pCRII-TOPO
DBS0236520	DBP0000027
DBS0235456	pUC19-pDeltaGF-phleomycinR
DBS0235601	pBSIIBsr&#916;clc
DBS0237223	pTO103A
DBS0235593	pTO103S
DBS0235920	pDicDelV
DBS0237176	pDXA-HC-[act15]:myoM(1-892)
DBS0237177	pDXA-HC-[act15]:myoM(1-993)
DBS0237178	pDXA-HC-act15p-MyoM-tail
DBS0237175	pDXA-HC-act15p-myoM
DBS0236851	pVEII-AS5'' in pVEII
DBS0235970	DBP0000009
DBS0235971	pDGFP-drf2-Neo
DBS0235662	pDGFP-MCS-Neo
DBS0236073	pDGFP-vasP-Neo
DBS0237033	pDGFP-vasP-Neo
DBS0236112	pGEMT-EASY-GrlE
DBS0236069	DBP0000110
DBS0235703	K-neo
DBS0236925	pLPBLP-scrA::BSR[444-451]
DBS0236935	rescue plasmid (KO sibA)
DBS0235457	pahhA-PCR-bsrR
DBS0235458	pDd-ahhA-myc
DBS0235602	pTX-GFP-clc
DBS0235607	pTX-GFP-clc(1-124)
DBS0235605	pTX-GFP-clc(85-124)
DBS0235606	pTX-GFP-clc(85-194)
DBS0235603	pTX-GFP-clc(124-194)
DBS0235604	pTX-GFP-clc(146-124)
DBS0236861	pA15rasD-GFP
DBS0235426	pPROF389
DBS0236358	A15/myc-fbxA
DBS0236984	p127Cla
DBS0236927	pLPBLP-scrA::BSR[444-451]
DBS0235989	pGEMT-EASY-GadA
DBS0236989	csaA-KO
DBS0235976	pWM1311
DBS0235980	pWM1325
DBS0235978	pWM1325
DBS0237194	DBP0000117
DBS0235982	pFszB-GFP
DBS0235979	pFszA-GFP
DBS0235977	pFszA-GFP
DBS0235981	pFszB-GFP
DBS0236856	DBP0000032
DBS0236598	pDGFP-MCS-Neo
DBS0235897	DBP0000011
DBS0235909	DBP0000011
DBS0235904	DBP0000011
DBS0235903	DBP0000011
DBS0235896	DBP0000011
DBS0236777	pRescue-pikD1
DBS0236072	DBP0000399
DBS0236421	pSP72-bsr + icpA fragments
DBS0236422	GFP-myosin (Spudich)
DBS0237181	pDdA15gfp
DBS0235443	pDEX-RH79
DBS0236702	pDEX-RH79
DBS0236886	pPT130-rdeA
DBS0235442	pPT131-act15-pldB-GFP
DBS0237210	pDNeoII
DBS0235573	pBsr2
DBS0236581	pBsr2
DBS0236585	myoC-KO/thy1
DBS0236053	pGEM-T
DBS0236054	pGEM-T
DBS0236055	pGEM-T
DBS0236056	pGEM-T
DBS0236057	pGEM-T
DBS0236058	pGEM-T
DBS0236059	pGEM-T
DBS0236593	pDTj6
DBS0237222	PV18neo-cf60as
DBS0237099	pDXA-3D-cf60OE
DBS0236878	DBP0000228
DBS0237106	DBP0000386
DBS0236434	pBlast
DBS0235586	pTO123
DBS0236511	pGEM-T
DBS0236512	pGEM-T
DBS0237310	HK12
DBS0235587	pChcA-bsr
DBS0237110	pDEX-GFP
DBS0237316	DBP0000045
DBS0237317	DBP0000045
DBS0237111	pDEX-GFP
DBS0235588	pBigGFPmyo
DBS0235590	DBP0000040
DBS0235591	DBP0000039
DBS0235592	pD19lac-2
DBS0235589	pDdGal17/cotB
DBS0237107	A15p-s65tGFP-dng1
DBS0236735	MB74-PDE4-GFP
DBS0237186	MB74-PDE4cat-GFP
DBS0237187	MB74-PDE4-GFP
DBS0236492	krsA-bsr in pLBPBP
DBS0237248	DBP0000118
DBS0237311	HK12
DBS0235942	pBTSK
DBS0235943	pBTSK
DBS0235941	pTX63-neo
DBS0237204	pDNeoII-canA
DBS0235631	pBsr2-crt
DBS0236549	pDEXH-limEdCoil
DBS0236503	pUCBsrdeltaBam
DBS0236504	pDEXH-limEdCoil
DBS0236505	pDEXH-limE
DBS0237118	pDEXRH-limE
DBS0237254	gpaB(Q208L)
DBS0236098	gpaB(Q208L)
DBS0236550	pBIG-ALA
DBS0236551	pBIG-ASP
DBS0235577	axeA2
DBS0235577	axeB2
DBS0235577	axeC2
DBS0235577	cdk8-[Ddcdk8-bsr]
DBS0235577	bsR
DBS0235578	axeA2
DBS0235578	axeB2
DBS0235578	axeC2
DBS0235578	cdk8-[Ddcdk8-bsr]
DBS0235578	bsR
DBS0237274	axeA1
DBS0237274	axeB1
DBS0237274	axeC1
DBS0237274	[OE]:chlim
DBS0237274	neoR
DBS0236557	pLMHCK
DBS0236556	mhkC-BSR
DBS0237203	DBP0000637
DBS0237100	DBP0000356
DBS0237101	DBP0000356
DBS0237276	pDIP-J
DBS0237284	pDIP-J
DBS0237286	pDIP-J
DBS0237285	pDIP-J
DBS0237287	pDIP-J
DBS0237295	HK12
DBS0235424	hygromycin-abpA resistance cassette
DBS0235704	pBSR519
DBS0236425	pUCBsr-INO1
DBS0235986	pG3T
DBS0236950	pDdgal16
DBS0236578	pDTb9R
DBS0236582	pDTb9R
DBS0236894	pSP-Rh
DBS0236576	pDTa13
DBS0236579	pDTb7R
DBS0235474	pDdAlixKO
DBS0235488	pTX-FLAGDdAlix
DBS0235487	pExp4(+)
DBS0235482	pExp4(+)
DBS0235481	pExp4(+)
DBS0235485	pExp4(+)
DBS0235486	pExp4(+)
DBS0235483	pExp4(+)
DBS0235484	pExp4(+)
DBS0235477	pExp4(+)
DBS0235473	pDXA3-C (pAlrAOE)
DBS0235476	pExp4(+)
DBS0236885	pExp4(+)
DBS0237166	pExp4(+)
DBS0236884	pExp4(+)
DBS0236552	pA15TX-HMM-140
DBS0236545	p&#916;MHC-A5
DBS0237164	pExp4(+)
DBS0236882	pExp4(+)
DBS0236883	pExp4(+)
DBS0237165	pExp4(+)
DBS0237163	pExp4(+)
DBS0236881	pExp4(+)
DBS0236040	pGEM-T
DBS0237027	pGEM-T
DBS0236050	pGEM-T
DBS0236047	pGEM-T
DBS0236048	pGEM-T
DBS0236051	pGEM-T
DBS0236052	pGEM-T
DBS0236933	DBP0000009
DBS0236932	DBP0000009
DBS0237193	pDXA3C-sgkA-FLAG
DBS0236014	pRHI153
DBS0236014	pRHI 153
DBS0236014	pRHI-153
DBS0235500	p2C1-3
DBS0236890	pGEM-1
DBS0236571	DBP0000349
DBS0236570	pRW67
DBS0236587	myoD-KO-neoR
DBS0237237	DBP0000118
DBS0237238	pDJS
DBS0237240	pDJS
DBS0237239	pDJS
DBS0236586	pDTc11R
DBS0237241	pDJS
DBS0237242	pDJS
DBS0236952	pDIV5
DBS0236577	pDTa19R
DBS0235478	pExp4(+)
DBS0235479	pExp4(+)
DBS0235480	pExp4(+)
DBS0235642	pExp4(+)
DBS0235641	pExp4(+)
DBS0235643	pExp4(+)
DBS0235937	DBP0000349
DBS0235944	pEZTN:tetR:bsR
DBS0235969	Bsr cassette
DBS0236012	pRHI100
DBS0236081	pUCBsr{Delta}Bam
DBS0236590	myoI-bsr
DBS0236591	pDTi12
DBS0236592	pDTi55 from M. Titus
DBS0236947	pUCBsr
DBS0236589	pUC-BSR
DBS0235489	alyA-bsr cassette
DBS0235615	pDCOF2:BSR
DBS0237102	pCOF(pBIG)
DBS0237257	pDCOF1:BSR
DBS0235616	cofC-bsr cassette
DBS0235651	cybA-bsr cassette
DBS0235660	Dd5P2-bsr cassette
DBS0235695	pThy1-MHC-PKCdelta-cat (pGEM26)
DBS0237105	pDRE106
DBS0235983	DBP0000032
DBS0236792	DBP0000032
DBS0236558	DBP0000032
DBS0235637	DBP0000032
DBS0235677	DBP0000032
DBS0235679	DBP0000032
DBS0235681	DBP0000032
DBS0236563	DBP0000032
DBS0236604	pUC118
DBS0235684	DBP0000032
DBS0235685	DBP0000032
DBS0236076	DBP0000032
DBS0235688	DBP0000032
DBS0237045	DBP0000032
DBS0236605	pB17S
DBS0236565	DBP0000032
DBS0236934	pAT153
DBS0236945	pSPLA-del
DBS0236887	pHSG298
DBS0235690	DBP0000032
DBS0235691	DBP0000032
DBS0237134	pSDGFNe2.1
DBS0237135	pSDGFNe2.1
DBS0235959	DBP0000032
DBS0235919	DBP0000032
DBS0236162	DBP0000032
DBS0235960	fcsA-bsr cassette
DBS0237136	pBS18
DBS0237251	pAT153L
DBS0236109	gpaI-bsr cassette
DBS0236498	DBP0000032
DBS0235618	DBP0000032
DBS0237191	DBP0000356
DBS0235719	pDNeo2-dd-TRAP1
DBS0236736	pUCBsrdelta-pdeD
DBS0236772	K1T-3
DBS0236774	K2D-2
DBS0236776	K3D
DBS0236778	K5D
DBS0236095	pUC-BsR-deltaBam
DBS0236384	p240 ClaI
DBS0236382	p240 ClaI
DBS0236775	PIK2-NEO-15
DBS0236773	K1T-3
DBS0236782	2-9-BsR-XbaI
DBS0237190	2-9-BsR-XbaI
DBS0237189	pB10ActBKH
DBS0235949	pBSR
DBS0236755	pPHG1a (KO plasmid)
DBS0236758	pPHG2 (rescue plasmid)
DBS0236759	DBP0000204
DBS0237123	pFL684 (pDXA-GFP2)
DBS0236760	pFL726 (pDXA-GFP2)
DBS0236976	pTalA-bsR
DBS0236770	pKO amiA(Bsr)
DBS0236769	pMYC86-6
DBS0236768	DBP0000084
DBS0236710	pDXA-GFP
DBS0236714	pDXA-GFP
DBS0236712	pDXA-GFP
DBS0236711	pDXA-GFP
DBS0236713	pDXA-GFP
DBS0236718	pDIP-J
DBS0236722	pDIP-J
DBS0236721	pDIP-J
DBS0236717	pDIP-J
DBS0236719	pDIP-J
DBS0236723	pDIP-J
DBS0236724	pDIP-J
DBS0236720	pDIP-J
DBS0237282	pDIP-J
DBS0236763	pAH2
DBS0235628	pBR16-crlA
DBS0237091	pBR16-crlA
DBS0237036	pEXP4(+)myr-VasP
DBS0235441	acg-KO
DBS0236859	pB10
DBS0237040	pEXP4(+)VasP
DBS0237200	pEXP4(+)VasP
DBS0235440	acg-KO
DBS0237038	pEXP4(+)EVH1-PRD
DBS0237037	pEXP4(+)EVH1-EVH2
DBS0237039	pEXP4(+)PRD-EVH2
DBS0236580	myoB-neo
DBS0236583	AS-myoD(G418R)
DBS0235925	Plasmid recovered from remi mutant
DBS0236082	pUCBsr{Delta}Bam
DBS0235998	MB74
DBS0235926	DNA recovered from remi mutant
DBS0235574	linearized pBSR3-catB-KO
DBS0235498	pGEM-1
DBS0236833	pMG7
DBS0237291	pMG15
DBS0235940	pUC-Bsr{delta}Bam
DBS0237226	pAct15-gal
DBS0237205	pDNeo2
DBS0237247	pVEII-rapA(G12V)
DBS0237227	pAct15-DIA2AS
DBS0237243	DBP0000204
DBS0237244	DBP0000204
DBS0237245	DBP0000204
DBS0236584	pfDEI-myoC(phleoR)
DBS0237246	DBP0000204
DBS0236707	pDIP-J
DBS0236706	pBSR2
DBS0236728	paxB-bsr cassette
DBS0236729	paxB-bsr and limB-hyg1 cassettes
DBS0236502	PB17S-rsGFP(paxB)
DBS0236730	63paxGFP
DBS0236731	56paxGFP
DBS0236732	D19PaxGFP
DBS0237299	HK12
DBS0237300	HK12
DBS0237301	HK12
DBS0237302	HK12
DBS0237303	HK12
DBS0237304	HK12
DBS0237305	HK12
DBS0237306	HK12
DBS0237307	HK12
DBS0236032	pGEM-T
DBS0237308	HK12
DBS0237312	HK12
DBS0237297	HK12
DBS0237298	HK12
DBS0237296	HK12
DBS0237313	HK12
DBS0237314	HK12
DBS0237234	pV18neo
DBS0237233	pV18neo
DBS0236874	pGEM-T
DBS0236019	pGEM-T
DBS0236020	pGEM-T
DBS0236080	pGEM-T
DBS0236079	pGEM-T
DBS0236021	pGEM-T
DBS0236022	pGEM-T
DBS0236023	pGEM-T
DBS0236024	pGEM-T
DBS0236025	pGEM-T
DBS0236026	pGEM-T
DBS0236027	pGEM-T
DBS0236028	pGEM-T
DBS0236029	pGEM-T
DBS0236030	pGEM-T
DBS0236031	pGEM-T
DBS0236033	pGEM-T
DBS0237218	pMG14
DBS0237219	pMG33
DBS0236838	pISAR
DBS0236839	pEZTN:tetR-bsR
DBS0235895	dimA-bsr
DBS0237920	DBP0000347
DBS0237921	DBP0000347
DBS0236824	pSP72-Ddppk1-Bsr
DBS0236825	pTX-Pa-Ddppk1
DBS0236889	pUCBsr-&#916;Bam
DBS0237188	DBP0000405
DBS0237116	pEXP
DBS0236911	pDIV2
DBS0236978	10209124
DBS0237024	pRHI130
DBS0237025	pDIV2
DBS0237089	pDIV2
DBS0237090	pDIV2
DBS0235625	DBP0000032
DBS0237261	pGefF-Bsr
DBS0237265	pBSR
DBS0235427	abpD-bsr cassette
DBS0237119	DBP0000011
DBS0237209	pA6P-SSEB2 (based on p1Absr8)
DBS0237143	DBP0000020
DBS0236820	pPonR
DBS0237139	DBP0000020
DBS0237140	DBP0000020
DBS0237137	DBP0000020
DBS0237097	DBP0000031
DBS0237144	DBP0000020
DBS0237138	DBP0000020
DBS0235638	DBP0000032
DBS0236821	pPonL
DBS0237260	eIF6
DBS0237262	bsr cassette
DBS0235672	DBP0000032
DBS0236929	pDIV1 (pyr56)
DBS0235671	DBP0000032
DBS0237094	DBP0000032
DBS0237054	DBP0000032
DBS0236733	pcp-BSR cassette
DBS0236799	plip-BSR cassette
DBS0237271	unknown
DBS0236829	pThy1-psmC1
DBS0237289	pEXP4(-)psmC1
DBS0235674	DBP0000032
DBS0236514	DBP0000032
DBS0236822	DBP0000032
DBS0235676	DBP0000032
DBS0235669	DBP0000032
DBS0237130	pDEX-GFP
DBS0235675	DBP0000032
DBS0235687	DBP0000032
DBS0236898	pRJ648
DBS0236888	DBP0000032
DBS0237855	DBP0000009
DBS0237148	pEXP4(+)gpaI(Q196L)
DBS0237147	pEXP4(+)gpaI(G38V)
DBS0236491	kil1-bsr cassette
DBS0236756	pDIV1-REP
DBS0236757	DBP0000310
DBS0236499	rescued REMI plasmid
DBS0236588	pDTf3R
DBS0235659	pBluescript-SK(-)
DBS0237182	pDIP-J
DBS0237183	pDIP-J
DBS0236500	SP60-limB-neo
DBS0237294	HK12
DBS0237184	pDIP-J
DBS0237185	pDIP-J
DBS0237202	pDIP-J
DBS0236501	ecmAO-limB-neo
DBS0237614	MB74
DBS0237615	MB74
DBS0237616	MB74
DBS0237617	MB74
DBS0237626	pB10T + pGPVC
DBS0237621	DBP0000045
DBS0237622	MB74
DBS0237629	pA15-paxB-gfp
DBS0237631	limB/hyg
DBS0237632	paxB/gfp/bsr
DBS0236695	DBP0000365
DBS0237636	DBP0000364
DBS0237702	pDGFP-MCS-Neo
DBS0237703	pDGFP-MCS-Neo
DBS0237704	pDGFP-MCS-Neo
DBS0237711	pBRS1
DBS0237812	DBP0000356
DBS0237788	pBsr-deltaBam
DBS0237809	Thy1 cassette
DBS0237811	DBP0000356
DBS0237817	DBP0000356
DBS0237818	pEXP4(+)-hairpinRNA
DBS0237819	DBP0000356
DBS0237820	DBP0000356
DBS0237821	DBP0000356
DBS0237836	DBP0000356
DBS0237840	pEXP4(+)VasP
DBS0237937	pDXA-GABD
DBS0237938	pDXA-GABD
DBS0237939	pDEX-GFP
DBS0237940	pDEX-GFP
DBS0237941	p1ABsr8
DBS0237942	p1ABsr8
DBS0237943	p1ABsr8
DBS0237944	p1ABsr8
DBS0237945	p1ABsr8
DBS0237946	p1ABsr8
DBS0237947	p1ABsr8
DBS0237948	pDd15-ecmA
DBS0237949	pCotB
DBS0235988	DBP0000032
DBS0235999	DBP0000032
DBS0236478	pcotB/lacZ
DBS0237996	pUCBsrdeltaBam
DBS0237997	pUCBsrdeltaBam
DBS0237998	A15-GFP
DBS0237999	ecmAO twin-vector
DBS0238001	psA twin-vector (dictyBase plasmid #574)
DBS0237141	DBP0000020
DBS0237142	DBP0000020
DBS0237198	B18
DBS0238007	p34-Arc-CTAP
DBS0236837	DBP0000301
DBS0237098	pTZ18U
DBS0238017	cudA-bsr
DBS0235901	dimB-hyg
DBS0238033	DBP0000009
DBS0238036	pDex-proA
DBS0238036	pDe109(hygR)
DBS0238037	pDex-proB
DBS0238037	pDe109(hygR)
DBS0237924	pUCBsrdeltaBam
DBS0238057	p&Delta;MHCA5 (pMHC-A5)
DBS0238058	pmycELC or pEMLCmyc (pBORP)
DBS0235694	DBP0000032
DBS0236608	bsr cassette
DBS0236612	bsr cassette
DBS0236613	bsr cassette
DBS0236609	thy1 cassette
DBS0236610	bsr cassette
DBS0236743	thy1 cassette
DBS0236746	bsr cassette
DBS0237109	pLD1A15SN-FDP synthase
DBS0236748	bsr cassette
DBS0236749	bsr cassette
DBS0236745	bsr cassette
DBS0236002	pGCSD3
DBS0236611	pEXP4+
DBS0236003	pExp4(+)
DBS0236747	pEXP4+
DBS0237121	DBP0000011
DBS0237120	pDGFPMCS
DBS0236489	pSP72-BSR
DBS0236490	DBP0000111
DBS0236427	DBP0000041
DBS0237122	DBP0000011
DBS0236727	DBP0000011
DBS0236548	DBP0000011
DBS0236841	bsr cassette
DBS0236944	pExp4(+)
DBS0237195	pExp4(+)
DBS0235512	pExp4(+)
DBS0237221	pExp4(+)
DBS0235508	apm4-bsr
DBS0235506	apm2-bsr
DBS0235507	apm3-bsr
DBS0237095	DBP0000011
DBS0235608	pSP72-Bsr-AP180
DBS0237103	pDCEV4-CP-p80
DBS0236381	DBP0000012
DBS0237125	pDEX-GFP
DBS0236574	pMYC10 + FOA selection
DBS0237041	DBP0000262
DBS0237504	pAT5 (from pEXP4(+))
DBS0237536	DBP0000310
DBS0237537	enlhp:plD1
DBS0237538	pDRH-HygR
DBS0237562	DBP0000310
DBS0237563	DBP0000310
DBS0237564	DBP0000310
DBS0237565	pBig
DBS0237566	pDRH-HygR
DBS0237568	DBP0000310
DBS0237601	MB74
DBS0238085	? pTX or pDXA
DBS0238086	? pTX or pDXA
DBS0238087	? pTX or pDXA
DBS0238088	? pTX or pDXA
DBS0238089	? pTX or pDXA
DBS0238099	pppC-bsR
DBS0238157	pTIKLMyDAPR689H
DBS0238241	DBP0000377
DBS0238243	pTX-RFP
DBS0238244	DBP0000011
DBS0238320	DBP0000011
DBS0238321	DBP0000011
DBS0238459	[carB]:lacZ
DBS0238460	[ecmB]:carB
DBS0238461	[sp60]:ecmB
DBS0238462	[act15]:GFP
DBS0238463	[sp60]:carB + [ecmA]:lacZ
DBS0238464	[ecmB]:carB + [ecmB]:lacZ
DBS0238465	[cotC]:carB + [cotB]:lacZ
DBS0238466	pBS18::gcAR2
DBS0238511	pYU20
DBS0238512	pYU20
DBS0238268	ecmA::carB+ecmA::lacZ
DBS0238269	sp60::carB
DBS0238408	DBP0000457
DBS0238410	mycDarpBpRHI76
DBS0238457	pJK1::gCAR2
DBS0238458	[ecmB]:lacZ
DBS0238475	pYU20
DBS0238555	DBP0000323
DBS0238583	pSP72BSR-HipKO
DBS0238584	pSP72BSR-HipKO
DBS0238586	pRG24 + FOA selection
DBS0238587	pSP72-pyr-HipKO
DBS0238091	? pTX or pDXA
DBS0238092	? pTX or pDXA
DBS0238203	pBluescript
DBS0238242	pTX-pspA-CFP
DBS0238265	ecmA::lacZ
DBS0238266	psp60::carB
DBS0238267	ecmA::carB+sp70::lacZ
DBS0238272	DBP0000041
DBS0238514	pYU20
DBS0238588	pSP72-pyr-HipKO
DBS0238109	DBP0000356
DBS0238119	pGPA+pPB10TP
DBS0238297	pBSIIBsr
DBS0238591	scrA-bsr
DBS0238601	5NT-bsr
DBS0238605	pDdNeoII
DBS0238665	pirA-::bsr
DBS0238098	pppC-bsR
DBS0238142	artificial transposon with bsR cassette
DBS0238263	[sp60::carB+ecmA::lacZ]
DBS0238283	pVGct
DBS0238357	bsR/tetR cassette
DBS0238382	pCJ19/bsR-cassette
DBS0238383	pCJ2/bsR-cassette
DBS0238384	pPAC22/bsR-cassette
DBS0238392	DBP0000356
DBS0238393	DBP0000356
DBS0238394	DBP0000356
DBS0238395	DBP0000356
DBS0238513	pYU20
DBS0238520	DBP0000400
DBS0238521	DBP0000401
DBS0238107	DBP0000356
DBS0238108	DBP0000356
DBS0238111	DBP0000356
DBS0238158	pDXA-3H-deltaN1
DBS0238159	pDXA-3H-deltaN2
DBS0238160	pM761-deltaN2
DBS0238161	pM761-deltaN1
DBS0238225	pDdNeoII
DBS0238234	pUC119 and pdNeoII
DBS0238235	pUC119 and pdNeoII
DBS0238362	pDEX27-GFP
DBS0238522	pTX-INCENP-&#916;Cs1
DBS0238090	? pTX or pDXA
DBS0238093	? pTX or pDXA
DBS0238110	DBP0000356
DBS0238112	DBP0000356
DBS0238284	pVGctSCAR
DBS0238351	DBP0000045
DBS0238390	pTX-FLAG-gnt15 (JC11)
DBS0238391	pTX-FLAG-gnt15 (JC11)
DBS0238411	pPL41
DBS0238474	bsr cassette
DBS0238685	pDM115-PDE7-GFP
DBS0238864	DBP0000032
DBS0238865	neoR cassette
DBS0238866	bsr-GFP
DBS0252632	pGeM-T-pcp-bsR
DBS0252643	DBP0000032
DBS0252646	DBP0000032
DBS0252648	DBP0000032
DBS0252649	DBP0000032
DBS0252670	DBP0000032
DBS0252671	DBP0000032
DBS0252672	DBP0000032
DBS0252673	DBP0000032
DBS0252674	DBP0000032
DBS0252675	DBP0000032
DBS0252710	DBP0000032
DBS0238825	pBSBsr&#916;Bam
DBS0252565	V 10.04
DBS0252637	pBsr2
DBS0252652	pOH74
DBS0252652	pOH47
DBS0252652	pOH109R
DBS0252652	pOH89
DBS0252652	pOH88
DBS0252653	pOH74
DBS0252653	pOH47
DBS0252653	pOH109R
DBS0252653	pOH89
DBS0252653	pOH88
DBS0252653	pOH129
DBS0252712	DBP0000032
DBS0252715	DBP0000032
DBS0252717	DBP0000032
DBS0252721	DBP0000032
DBS0252723	DBP0000032
DBS0252733	DBP0000021
DBS0252735	DBP0000021
DBS0252744	DBP0000021
DBS0252747	DBP0000021
DBS0252748	DBP0000021
DBS0252825	DBP0000310
DBS0252826	DBP0000310
DBS0238735	pPROF392
DBS0238748	pPROF362
DBS0252702	pDdNTAP-NYFP-rasG
DBS0252711	DBP0000032
DBS0252716	DBP0000032
DBS0252718	DBP0000032
DBS0252722	DBP0000032
DBS0252736	DBP0000021
DBS0252737	DBP0000021
DBS0252739	DBP0000021
DBS0252742	DBP0000021
DBS0252743	DBP0000021
DBS0252749	DBP0000021
DBS0252750	DBP0000021
DBS0252816	DBP0000310
DBS0238666	hspc300::bsr
DBS0238667	hspc300::bsr
DBS0238668	hspc300::bsr
DBS0238686	bsr cassette
DBS0238682	pldB::bsr
DBS0238683	pldC::bsr
DBS0238720	pKrsA-K
DBS0238725	pBIG-GFP-KsrA-deltaC
DBS0238726	pBIG-GFP-KsrA-deltaNS
DBS0252578	ACA-thy?
DBS0252631	CreLox
DBS0252638	DBP0000032
DBS0252639	DBP0000032
DBS0252640	DBP0000032
DBS0252641	pBSR
DBS0252642	DBP0000032
DBS0252644	DBP0000032
DBS0252645	DBP0000032
DBS0252647	DBP0000032
DBS0238721	pBIG-GFP-KsrA
DBS0238722	pBIG-GFP-KsrA-K49R
DBS0238723	pBIG-GFP-KsrA-T173A
DBS0238724	pBIG-GFP-KsrA-deltaK
DBS0238749	pPROF362/pPROF128
DBS0238693	p&#916;MHCA5 (pMHC-A5)
DBS0252577	DBP0000032
DBS0252732	DBP0000021
DBS0252734	DBP0000021
DBS0252738	DBP0000021
DBS0252740	DBP0000021
DBS0252741	DBP0000021
DBS0252745	DBP0000021
DBS0252746	DBP0000021
DBS0252822	DBP0000310
DBS0252823	DBP0000310
DBS0252824	DBP0000310
DBS0238687	DBP0000086
DBS0252651	pOH74
DBS0252651	pOH47
DBS0252654	pOH74
DBS0252654	pOH47
DBS0252654	pOH109R
DBS0252654	pOH89
DBS0252654	pOH88
DBS0252654	pOH207
DBS0252655	pOH207
DBS0252713	DBP0000032
DBS0252714	DBP0000032
DBS0252719	DBP0000032
DBS0252720	DBP0000032
DBS0252878	pBSR519
DBS0238681	pldA::bsr
DBS0238684	pldA::hygr
DBS0264072	DBP0000032
DBS0264073	DBP0000032
DBS0264074	DBP0000032
DBS0264075	DBP0000032
DBS0264076	DBP0000032
DBS0264077	DBP0000032
DBS0264078	DBP0000032
DBS0264079	DBP0000032
DBS0264080	DBP0000032
DBS0264081	DBP0000032
DBS0264082	DBP0000032
DBS0264083	DBP0000032
DBS0264084	DBP0000032
DBS0264085	DBP0000032
DBS0264086	DBP0000032
DBS0264087	DBP0000032
DBS0264088	DBP0000032
DBS0264089	DBP0000032
DBS0264090	DBP0000032
DBS0264091	DBP0000032
DBS0264092	DBP0000032
DBS0264093	DBP0000032
DBS0264094	DBP0000032
DBS0264095	DBP0000032
DBS0264096	DBP0000032
DBS0264097	DBP0000032
DBS0264098	DBP0000032
DBS0264099	DBP0000032
DBS0264100	DBP0000032
DBS0264101	DBP0000032
DBS0264297	DBP0000032
DBS0264298	DBP0000032
DBS0264299	DBP0000032
DBS0264300	DBP0000032
DBS0264301	DBP0000032
DBS0264302	DBP0000032
DBS0264303	DBP0000032
DBS0264304	DBP0000032
DBS0264305	DBP0000032
DBS0264306	DBP0000032
DBS0264307	DBP0000032
DBS0264308	DBP0000032
DBS0264309	DBP0000032
DBS0264310	DBP0000032
DBS0264311	DBP0000032
DBS0264312	DBP0000032
DBS0264313	DBP0000032
DBS0264314	DBP0000032
DBS0264315	DBP0000032
DBS0264316	DBP0000032
DBS0264317	DBP0000032
DBS0264318	DBP0000032
DBS0264319	DBP0000032
DBS0264320	DBP0000032
DBS0264321	DBP0000032
DBS0264322	DBP0000032
DBS0264323	DBP0000032
DBS0264324	DBP0000032
DBS0264325	DBP0000032
DBS0264326	DBP0000032
DBS0264327	DBP0000032
DBS0264328	DBP0000032
DBS0264329	DBP0000032
DBS0264330	DBP0000032
DBS0264331	DBP0000032
DBS0264332	DBP0000032
DBS0264333	DBP0000032
DBS0264334	DBP0000032
DBS0264335	DBP0000032
DBS0264336	DBP0000032
DBS0264337	DBP0000032
DBS0264338	DBP0000032
DBS0264339	DBP0000032
DBS0264340	DBP0000032
DBS0264341	DBP0000032
DBS0264342	DBP0000032
DBS0264343	DBP0000032
DBS0264344	DBP0000032
DBS0264345	DBP0000032
DBS0264346	DBP0000032
DBS0264347	DBP0000032
DBS0264348	DBP0000032
DBS0264349	DBP0000032
DBS0264350	DBP0000032
DBS0264351	DBP0000032
DBS0264352	DBP0000032
DBS0264353	DBP0000032
DBS0264354	DBP0000032
DBS0264355	DBP0000032
DBS0264356	DBP0000032
DBS0264357	DBP0000032
DBS0264358	DBP0000032
DBS0264359	DBP0000032
DBS0264360	DBP0000032
DBS0264361	DBP0000032
DBS0264362	DBP0000032
DBS0264363	DBP0000032
DBS0264364	DBP0000032
DBS0264365	DBP0000032
DBS0264366	DBP0000032
DBS0264367	DBP0000032
DBS0264368	DBP0000032
DBS0264369	DBP0000032
DBS0264370	DBP0000032
DBS0264371	DBP0000032
DBS0264372	DBP0000032
DBS0264373	DBP0000032
DBS0264374	DBP0000032
DBS0264102	DBP0000032
DBS0264103	DBP0000032
DBS0264104	DBP0000032
DBS0264105	DBP0000032
DBS0264106	DBP0000032
DBS0264107	DBP0000032
DBS0264108	DBP0000032
DBS0264109	DBP0000032
DBS0264110	DBP0000032
DBS0264111	DBP0000032
DBS0264112	DBP0000032
DBS0264113	DBP0000032
DBS0264114	DBP0000032
DBS0264115	DBP0000032
DBS0264116	DBP0000032
DBS0264117	DBP0000032
DBS0264118	DBP0000032
DBS0264119	DBP0000032
DBS0264120	DBP0000032
DBS0264121	DBP0000032
DBS0264122	DBP0000032
DBS0264123	DBP0000032
DBS0264124	DBP0000032
DBS0264125	DBP0000032
DBS0264126	DBP0000032
DBS0264127	DBP0000032
DBS0264128	DBP0000032
DBS0264129	DBP0000032
DBS0264130	DBP0000032
DBS0264131	DBP0000032
DBS0264132	DBP0000032
DBS0264133	DBP0000032
DBS0264134	DBP0000032
DBS0264135	DBP0000032
DBS0264136	DBP0000032
DBS0264137	DBP0000032
DBS0264138	DBP0000032
DBS0264139	DBP0000032
DBS0264140	DBP0000032
DBS0264141	DBP0000032
DBS0264142	DBP0000032
DBS0264143	DBP0000032
DBS0264144	DBP0000032
DBS0264145	DBP0000032
DBS0264146	DBP0000032
DBS0264147	DBP0000032
DBS0264148	DBP0000032
DBS0264149	DBP0000032
DBS0264150	DBP0000032
DBS0264151	DBP0000032
DBS0264152	DBP0000032
DBS0264153	DBP0000032
DBS0264154	DBP0000032
DBS0264155	DBP0000032
DBS0264156	DBP0000032
DBS0264157	DBP0000032
DBS0264158	DBP0000032
DBS0264159	DBP0000032
DBS0264160	DBP0000032
DBS0264161	DBP0000032
DBS0264162	DBP0000032
DBS0264163	DBP0000032
DBS0264164	DBP0000032
DBS0264165	DBP0000032
DBS0264166	DBP0000032
DBS0264167	DBP0000032
DBS0264168	DBP0000032
DBS0264169	DBP0000032
DBS0264170	DBP0000032
DBS0264171	DBP0000032
DBS0264172	DBP0000032
DBS0264173	DBP0000032
DBS0264174	DBP0000032
DBS0264175	DBP0000032
DBS0264176	DBP0000032
DBS0264177	DBP0000032
DBS0264178	DBP0000032
DBS0264179	DBP0000032
DBS0264180	DBP0000032
DBS0264181	DBP0000032
DBS0264182	DBP0000032
DBS0264183	DBP0000032
DBS0264184	DBP0000032
DBS0264185	DBP0000032
DBS0264186	DBP0000032
DBS0264187	DBP0000032
DBS0264188	DBP0000032
DBS0264189	DBP0000032
DBS0264190	DBP0000032
DBS0264191	DBP0000032
DBS0264192	DBP0000032
DBS0264193	DBP0000032
DBS0264194	DBP0000032
DBS0264195	DBP0000032
DBS0264196	DBP0000032
DBS0264197	DBP0000032
DBS0264198	DBP0000032
DBS0264199	DBP0000032
DBS0264200	DBP0000032
DBS0264201	DBP0000032
DBS0264202	DBP0000032
DBS0264203	DBP0000032
DBS0264204	DBP0000032
DBS0264205	DBP0000032
DBS0264206	DBP0000032
DBS0264207	DBP0000032
DBS0264208	DBP0000032
DBS0264209	DBP0000032
DBS0264210	DBP0000032
DBS0264211	DBP0000032
DBS0264212	DBP0000032
DBS0264213	DBP0000032
DBS0264214	DBP0000032
DBS0264215	DBP0000032
DBS0264216	DBP0000032
DBS0264217	DBP0000032
DBS0264218	DBP0000032
DBS0264219	DBP0000032
DBS0264220	DBP0000032
DBS0264221	DBP0000032
DBS0264222	DBP0000032
DBS0264223	DBP0000032
DBS0264224	DBP0000032
DBS0264225	DBP0000032
DBS0264226	DBP0000032
DBS0264227	DBP0000032
DBS0264228	DBP0000032
DBS0264229	DBP0000032
DBS0264230	DBP0000032
DBS0264231	DBP0000032
DBS0264232	DBP0000032
DBS0264233	DBP0000032
DBS0264234	DBP0000032
DBS0264235	DBP0000032
DBS0264236	DBP0000032
DBS0264237	DBP0000032
DBS0264238	DBP0000032
DBS0264239	DBP0000032
DBS0264240	DBP0000032
DBS0264241	DBP0000032
DBS0264242	DBP0000032
DBS0264243	DBP0000032
DBS0264244	DBP0000032
DBS0264245	DBP0000032
DBS0264246	DBP0000032
DBS0264247	DBP0000032
DBS0264248	DBP0000032
DBS0264249	DBP0000032
DBS0264250	DBP0000032
DBS0264251	DBP0000032
DBS0264252	DBP0000032
DBS0264253	DBP0000032
DBS0264254	DBP0000032
DBS0264255	DBP0000032
DBS0264256	DBP0000032
DBS0264257	DBP0000032
DBS0264258	DBP0000032
DBS0264259	DBP0000032
DBS0264260	DBP0000032
DBS0264261	DBP0000032
DBS0264262	DBP0000032
DBS0264263	DBP0000032
DBS0264264	DBP0000032
DBS0264265	DBP0000032
DBS0264266	DBP0000032
DBS0264267	DBP0000032
DBS0264268	DBP0000032
DBS0264269	DBP0000032
DBS0264270	DBP0000032
DBS0264271	DBP0000032
DBS0264272	DBP0000032
DBS0264273	DBP0000032
DBS0264274	DBP0000032
DBS0264275	DBP0000032
DBS0264276	DBP0000032
DBS0264277	DBP0000032
DBS0264278	DBP0000032
DBS0264279	DBP0000032
DBS0264280	DBP0000032
DBS0264281	DBP0000032
DBS0264282	DBP0000032
DBS0264283	DBP0000032
DBS0264284	DBP0000032
DBS0264285	DBP0000032
DBS0264286	DBP0000032
DBS0264287	DBP0000032
DBS0264288	DBP0000032
DBS0264289	DBP0000032
DBS0264290	DBP0000032
DBS0264291	DBP0000032
DBS0264292	DBP0000032
DBS0264293	DBP0000032
DBS0264294	DBP0000032
DBS0264295	DBP0000032
DBS0264296	DBP0000032
DBS0264375	DBP0000032
DBS0264376	DBP0000032
DBS0264377	DBP0000032
DBS0264378	DBP0000032
DBS0264379	DBP0000032
DBS0264380	DBP0000032
DBS0264381	DBP0000032
DBS0264382	DBP0000032
DBS0264383	DBP0000032
DBS0264384	DBP0000032
DBS0264385	DBP0000032
DBS0264386	DBP0000032
DBS0264387	DBP0000032
DBS0264388	DBP0000032
DBS0264389	DBP0000032
DBS0264390	DBP0000032
DBS0264391	DBP0000032
DBS0264392	DBP0000032
DBS0264393	DBP0000032
DBS0264394	DBP0000032
DBS0264395	DBP0000032
DBS0264396	DBP0000032
DBS0264397	DBP0000032
DBS0264398	DBP0000032
DBS0264399	DBP0000032
DBS0264400	DBP0000032
DBS0264401	DBP0000032
DBS0264402	DBP0000032
DBS0264403	DBP0000032
DBS0264404	DBP0000032
DBS0264405	DBP0000032
DBS0264406	DBP0000032
DBS0264407	DBP0000032
DBS0264408	DBP0000032
DBS0264409	DBP0000032
DBS0264410	DBP0000032
DBS0264411	DBP0000032
DBS0264412	DBP0000032
DBS0264413	DBP0000032
DBS0264609	DBP0000032
DBS0264610	DBP0000032
DBS0264611	DBP0000032
DBS0264612	DBP0000032
DBS0264613	DBP0000032
DBS0264614	DBP0000032
DBS0264615	DBP0000032
DBS0264616	DBP0000032
DBS0264617	DBP0000032
DBS0264618	DBP0000032
DBS0264619	DBP0000032
DBS0264620	DBP0000032
DBS0264621	DBP0000032
DBS0264622	DBP0000032
DBS0264623	DBP0000032
DBS0264624	DBP0000032
DBS0264625	DBP0000032
DBS0264626	DBP0000032
DBS0264627	DBP0000032
DBS0264628	DBP0000032
DBS0264629	DBP0000032
DBS0264630	DBP0000032
DBS0264631	DBP0000032
DBS0264632	DBP0000032
DBS0264633	DBP0000032
DBS0264634	DBP0000032
DBS0264635	DBP0000032
DBS0264636	DBP0000032
DBS0264637	DBP0000032
DBS0264638	DBP0000032
DBS0264639	DBP0000032
DBS0264640	DBP0000032
DBS0264641	DBP0000032
DBS0264642	DBP0000032
DBS0264643	DBP0000032
DBS0264644	DBP0000032
DBS0264645	DBP0000032
DBS0264646	DBP0000032
DBS0264647	DBP0000032
DBS0264648	DBP0000032
DBS0264649	DBP0000032
DBS0264650	DBP0000032
DBS0264651	DBP0000032
DBS0264652	DBP0000032
DBS0264653	DBP0000032
DBS0264654	DBP0000032
DBS0264655	DBP0000032
DBS0264656	DBP0000032
DBS0264657	DBP0000032
DBS0264658	DBP0000032
DBS0264659	DBP0000032
DBS0264660	DBP0000032
DBS0264661	DBP0000032
DBS0264662	DBP0000032
DBS0264663	DBP0000032
DBS0264664	DBP0000032
DBS0264665	DBP0000032
DBS0264666	DBP0000032
DBS0264667	DBP0000032
DBS0264668	DBP0000032
DBS0264669	DBP0000032
DBS0264670	DBP0000032
DBS0264671	DBP0000032
DBS0264672	DBP0000032
DBS0264673	DBP0000032
DBS0264674	DBP0000032
DBS0264675	DBP0000032
DBS0264676	DBP0000032
DBS0264677	DBP0000032
DBS0264678	DBP0000032
DBS0264679	DBP0000032
DBS0264680	DBP0000032
DBS0264681	DBP0000032
DBS0264682	DBP0000032
DBS0264683	DBP0000032
DBS0264684	DBP0000032
DBS0264685	DBP0000032
DBS0264686	DBP0000032
DBS0264414	DBP0000032
DBS0264415	DBP0000032
DBS0264416	DBP0000032
DBS0264417	DBP0000032
DBS0264418	DBP0000032
DBS0264419	DBP0000032
DBS0264420	DBP0000032
DBS0264421	DBP0000032
DBS0264422	DBP0000032
DBS0264423	DBP0000032
DBS0264424	DBP0000032
DBS0264425	DBP0000032
DBS0264426	DBP0000032
DBS0264427	DBP0000032
DBS0264428	DBP0000032
DBS0264429	DBP0000032
DBS0264430	DBP0000032
DBS0264431	DBP0000032
DBS0264432	DBP0000032
DBS0264433	DBP0000032
DBS0264434	DBP0000032
DBS0264435	DBP0000032
DBS0264436	DBP0000032
DBS0264437	DBP0000032
DBS0264438	DBP0000032
DBS0264439	DBP0000032
DBS0264440	DBP0000032
DBS0264441	DBP0000032
DBS0264442	DBP0000032
DBS0264443	DBP0000032
DBS0264444	DBP0000032
DBS0264445	DBP0000032
DBS0264446	DBP0000032
DBS0264447	DBP0000032
DBS0264448	DBP0000032
DBS0264449	DBP0000032
DBS0264450	DBP0000032
DBS0264451	DBP0000032
DBS0264452	DBP0000032
DBS0264453	DBP0000032
DBS0264454	DBP0000032
DBS0264455	DBP0000032
DBS0264456	DBP0000032
DBS0264457	DBP0000032
DBS0264458	DBP0000032
DBS0264459	DBP0000032
DBS0264460	DBP0000032
DBS0264461	DBP0000032
DBS0264462	DBP0000032
DBS0264463	DBP0000032
DBS0264464	DBP0000032
DBS0264465	DBP0000032
DBS0264466	DBP0000032
DBS0264467	DBP0000032
DBS0264468	DBP0000032
DBS0264469	DBP0000032
DBS0264470	DBP0000032
DBS0264471	DBP0000032
DBS0264472	DBP0000032
DBS0264473	DBP0000032
DBS0264474	DBP0000032
DBS0264475	DBP0000032
DBS0264476	DBP0000032
DBS0264477	DBP0000032
DBS0264478	DBP0000032
DBS0264479	DBP0000032
DBS0264480	DBP0000032
DBS0264481	DBP0000032
DBS0264482	DBP0000032
DBS0264483	DBP0000032
DBS0264484	DBP0000032
DBS0264485	DBP0000032
DBS0264486	DBP0000032
DBS0264487	DBP0000032
DBS0264488	DBP0000032
DBS0264489	DBP0000032
DBS0264490	DBP0000032
DBS0264491	DBP0000032
DBS0264492	DBP0000032
DBS0264493	DBP0000032
DBS0264494	DBP0000032
DBS0264495	DBP0000032
DBS0264496	DBP0000032
DBS0264497	DBP0000032
DBS0264498	DBP0000032
DBS0264499	DBP0000032
DBS0264500	DBP0000032
DBS0264501	DBP0000032
DBS0264502	DBP0000032
DBS0264503	DBP0000032
DBS0264504	DBP0000032
DBS0264505	DBP0000032
DBS0264506	DBP0000032
DBS0264507	DBP0000032
DBS0264508	DBP0000032
DBS0264509	DBP0000032
DBS0264510	DBP0000032
DBS0264511	DBP0000032
DBS0264512	DBP0000032
DBS0264513	DBP0000032
DBS0264514	DBP0000032
DBS0264515	DBP0000032
DBS0264516	DBP0000032
DBS0264517	DBP0000032
DBS0264518	DBP0000032
DBS0264519	DBP0000032
DBS0264520	DBP0000032
DBS0264521	DBP0000032
DBS0264522	DBP0000032
DBS0264523	DBP0000032
DBS0264524	DBP0000032
DBS0264525	DBP0000032
DBS0264526	DBP0000032
DBS0264527	DBP0000032
DBS0264528	DBP0000032
DBS0264529	DBP0000032
DBS0264530	DBP0000032
DBS0264531	DBP0000032
DBS0264532	DBP0000032
DBS0264533	DBP0000032
DBS0264534	DBP0000032
DBS0264535	DBP0000032
DBS0264536	DBP0000032
DBS0264537	DBP0000032
DBS0264538	DBP0000032
DBS0264539	DBP0000032
DBS0264540	DBP0000032
DBS0264541	DBP0000032
DBS0264542	DBP0000032
DBS0264543	DBP0000032
DBS0264544	DBP0000032
DBS0264545	DBP0000032
DBS0264546	DBP0000032
DBS0264547	DBP0000032
DBS0264548	DBP0000032
DBS0264549	DBP0000032
DBS0264550	DBP0000032
DBS0264551	DBP0000032
DBS0264552	DBP0000032
DBS0264553	DBP0000032
DBS0264554	DBP0000032
DBS0264555	DBP0000032
DBS0264556	DBP0000032
DBS0264557	DBP0000032
DBS0264558	DBP0000032
DBS0264559	DBP0000032
DBS0264560	DBP0000032
DBS0264561	DBP0000032
DBS0264562	DBP0000032
DBS0264563	DBP0000032
DBS0264564	DBP0000032
DBS0264565	DBP0000032
DBS0264566	DBP0000032
DBS0264567	DBP0000032
DBS0264568	DBP0000032
DBS0264569	DBP0000032
DBS0264570	DBP0000032
DBS0264571	DBP0000032
DBS0264572	DBP0000032
DBS0264573	DBP0000032
DBS0264574	DBP0000032
DBS0264575	DBP0000032
DBS0264576	DBP0000032
DBS0264577	DBP0000032
DBS0264578	DBP0000032
DBS0264579	DBP0000032
DBS0264580	DBP0000032
DBS0264581	DBP0000032
DBS0264582	DBP0000032
DBS0264583	DBP0000032
DBS0264584	DBP0000032
DBS0264585	DBP0000032
DBS0264586	DBP0000032
DBS0264587	DBP0000032
DBS0264588	DBP0000032
DBS0264589	DBP0000032
DBS0264590	DBP0000032
DBS0264591	DBP0000032
DBS0264592	DBP0000032
DBS0264593	DBP0000032
DBS0264594	DBP0000032
DBS0264595	DBP0000032
DBS0264596	DBP0000032
DBS0264597	DBP0000032
DBS0264598	DBP0000032
DBS0264599	DBP0000032
DBS0264600	DBP0000032
DBS0264601	DBP0000032
DBS0264602	DBP0000032
DBS0264603	DBP0000032
DBS0264604	DBP0000032
DBS0264605	DBP0000032
DBS0264606	DBP0000032
DBS0264607	DBP0000032
DBS0264608	DBP0000032
DBS0304654	catB-KO (pBSR3)
DBS0304667	pNeo67-celA
DBS0304716	#28
DBS0304717	MacWilliams#258
DBS0304718	MacWilliams#190
DBS0304719	MacWilliam#69
DBS0304723	bsR cassette
DBS0304814	pBs-Bsr
DBS0304815	p1ABsr8
DBS0304816	p1ABsr8
DBS0304820	DBP0000009
DBS0304821	pDONR221
DBS0265155	DBP0000032
DBS0265156	DBP0000032
DBS0265157	DBP0000032
DBS0265158	DBP0000032
DBS0265159	DBP0000032
DBS0265160	DBP0000032
DBS0265161	DBP0000032
DBS0265162	DBP0000032
DBS0265163	DBP0000032
DBS0265164	DBP0000032
DBS0265165	DBP0000032
DBS0265166	DBP0000032
DBS0265167	DBP0000032
DBS0265168	DBP0000032
DBS0265169	DBP0000032
DBS0265170	DBP0000032
DBS0265171	DBP0000032
DBS0265172	DBP0000032
DBS0265173	DBP0000032
DBS0265174	DBP0000032
DBS0265175	DBP0000032
DBS0265176	DBP0000032
DBS0265177	DBP0000032
DBS0265178	DBP0000032
DBS0265179	DBP0000032
DBS0265180	DBP0000032
DBS0265181	DBP0000032
DBS0265182	DBP0000032
DBS0265183	DBP0000032
DBS0265184	DBP0000032
DBS0265185	DBP0000032
DBS0265186	DBP0000032
DBS0265187	DBP0000032
DBS0265188	DBP0000032
DBS0265189	DBP0000032
DBS0265190	DBP0000032
DBS0265191	DBP0000032
DBS0265192	DBP0000032
DBS0265193	DBP0000032
DBS0265779	DBP0000032
DBS0265780	DBP0000032
DBS0265781	DBP0000032
DBS0265782	DBP0000032
DBS0265783	DBP0000032
DBS0265784	DBP0000032
DBS0265785	DBP0000032
DBS0265786	DBP0000032
DBS0265787	DBP0000032
DBS0265788	DBP0000032
DBS0265789	DBP0000032
DBS0265790	DBP0000032
DBS0265791	DBP0000032
DBS0265792	DBP0000032
DBS0265793	DBP0000032
DBS0265794	DBP0000032
DBS0265795	DBP0000032
DBS0265796	DBP0000032
DBS0265797	DBP0000032
DBS0265798	DBP0000032
DBS0265799	DBP0000032
DBS0265800	DBP0000032
DBS0265801	DBP0000032
DBS0265802	DBP0000032
DBS0265803	DBP0000032
DBS0265804	DBP0000032
DBS0265805	DBP0000032
DBS0265806	DBP0000032
DBS0265807	DBP0000032
DBS0265808	DBP0000032
DBS0265809	DBP0000032
DBS0265810	DBP0000032
DBS0265811	DBP0000032
DBS0265812	DBP0000032
DBS0265813	DBP0000032
DBS0265814	DBP0000032
DBS0265815	DBP0000032
DBS0265816	DBP0000032
DBS0265817	DBP0000032
DBS0266674	pDXA-GABD
DBS0266691	DBP0000493
DBS0266692	Dd5P4-bsr cassette
DBS0266693	DBP0000841
DBS0266695	pAH2
DBS0266697	DBP0000070
DBS0266700	pyr5/6 cassette
DBS0266701	pyr5/6 cassette
DBS0266702	pyr5/6 cassette
DBS0266703	bsr cassette
DBS0266704	bsr cassette
DBS0266705	bsr cassette
DBS0266719	DM6
DBS0266720	MB74-OCRL
DBS0304865	pDL1A15SN
DBS0304866	pSC4
DBS0304868	pSC3B
DBS0304869	pMB25
DBS0304870	pMB24
DBS0304872	pSC4
DBS0304880	pCS38
DBS0304881	Mut-mtDNA
DBS0304882	pCE38
DBS0304905	pBIG-GFP-forC
DBS0304911	pMB38-paxB
DBS0304912	DBP0000841
DBS0304913	DBP0000841
DBS0304914	DBP0000841
DBS0304915	DBP0000841
DBS0304916	DBP0000841
DBS0304917	DBP0000841
DBS0304918	DBP0000841
DBS0304926	Bsr cassette
DBS0304927	Bsr cassette
DBS0304928	pKO-myo(neo)
DBS0265194	DBP0000032
DBS0265195	DBP0000032
DBS0265196	DBP0000032
DBS0265197	DBP0000032
DBS0265198	DBP0000032
DBS0265199	DBP0000032
DBS0265200	DBP0000032
DBS0265201	DBP0000032
DBS0265202	DBP0000032
DBS0265203	DBP0000032
DBS0265204	DBP0000032
DBS0265205	DBP0000032
DBS0265206	DBP0000032
DBS0265207	DBP0000032
DBS0265208	DBP0000032
DBS0265209	DBP0000032
DBS0265210	DBP0000032
DBS0265211	DBP0000032
DBS0265212	DBP0000032
DBS0265213	DBP0000032
DBS0265214	DBP0000032
DBS0265215	DBP0000032
DBS0265216	DBP0000032
DBS0265217	DBP0000032
DBS0265218	DBP0000032
DBS0265219	DBP0000032
DBS0265220	DBP0000032
DBS0265221	DBP0000032
DBS0265222	DBP0000032
DBS0265223	DBP0000032
DBS0265224	DBP0000032
DBS0265225	DBP0000032
DBS0265226	DBP0000032
DBS0265227	DBP0000032
DBS0265228	DBP0000032
DBS0265229	DBP0000032
DBS0265230	DBP0000032
DBS0265231	DBP0000032
DBS0265232	DBP0000032
DBS0265818	DBP0000032
DBS0265819	DBP0000032
DBS0265820	DBP0000032
DBS0265821	DBP0000032
DBS0265822	DBP0000032
DBS0265823	DBP0000032
DBS0265824	DBP0000032
DBS0265825	DBP0000032
DBS0265826	DBP0000032
DBS0265827	DBP0000032
DBS0265828	DBP0000032
DBS0265829	DBP0000032
DBS0265830	DBP0000032
DBS0265831	DBP0000032
DBS0265832	DBP0000032
DBS0265833	DBP0000032
DBS0265834	DBP0000032
DBS0265835	DBP0000032
DBS0265836	DBP0000032
DBS0265837	DBP0000032
DBS0265838	DBP0000032
DBS0265839	DBP0000032
DBS0265840	DBP0000032
DBS0265841	DBP0000032
DBS0265842	DBP0000032
DBS0265843	DBP0000032
DBS0265844	DBP0000032
DBS0265845	DBP0000032
DBS0265846	DBP0000032
DBS0265847	DBP0000032
DBS0265848	DBP0000032
DBS0265849	DBP0000032
DBS0265850	DBP0000032
DBS0265851	DBP0000032
DBS0265852	DBP0000032
DBS0265853	DBP0000032
DBS0265854	DBP0000032
DBS0265855	DBP0000032
DBS0265856	DBP0000032
DBS0266721	MB74-OCRL(D422A)
DBS0266722	DM6-Dd5P4(D319A):GFP
DBS0266723	rescue (pUCBsr&#916;BamHI)
DBS0266759	alp-bsr
DBS0266763	rescue (pUCBsr&#916;BamHI)
DBS0266764	rescue (pUCBsr&#916;BamHI)
DBS0266765	rescue (pUCBsr&#916;BamHI)
DBS0304929	pKO-myo(neo)
DBS0304930	pBIG-GFP-paxB
DBS0304931	pBIG-GFP-paxB
DBS0304932	pBIG-GFP-paxB
DBS0304933	pBIG-GFP-vinA
DBS0304934	pBIG-GFP-vinA
DBS0304968	neoR cassette
DBS0304969	pDex79
DBS0304970	pBsR
DBS0304971	pMCS
DBS0304972	pMCS
DBS0304973	pDEX79
DBS0304985	pBsR
DBS0304986	pMCS
DBS0305025	Bsr cassette
DBS0305026	Bsr cassette
DBS0305080	pDXD-3C-GFP
DBS0305081	pDXD-3C-GFP
DBS0305082	pDXD-3C-GFP
DBS0305083	pDXD-3C-GFP
DBS0305084	pDXD-3C-GFP
DBS0305085	pDXD-3C-GFP
DBS0305086	pDXD-3C-GFP
DBS0265233	DBP0000032
DBS0265234	DBP0000032
DBS0265235	DBP0000032
DBS0265236	DBP0000032
DBS0265237	DBP0000032
DBS0265238	DBP0000032
DBS0265239	DBP0000032
DBS0265240	DBP0000032
DBS0265241	DBP0000032
DBS0265242	DBP0000032
DBS0265243	DBP0000032
DBS0265244	DBP0000032
DBS0265245	DBP0000032
DBS0265246	DBP0000032
DBS0265247	DBP0000032
DBS0265248	DBP0000032
DBS0265249	DBP0000032
DBS0265250	DBP0000032
DBS0265251	DBP0000032
DBS0265252	DBP0000032
DBS0265253	DBP0000032
DBS0265254	DBP0000032
DBS0265255	DBP0000032
DBS0265256	DBP0000032
DBS0265257	DBP0000032
DBS0265258	DBP0000032
DBS0265259	DBP0000032
DBS0265260	DBP0000032
DBS0265261	DBP0000032
DBS0265262	DBP0000032
DBS0265263	DBP0000032
DBS0265264	DBP0000032
DBS0265265	DBP0000032
DBS0265266	DBP0000032
DBS0265267	DBP0000032
DBS0265268	DBP0000032
DBS0265269	DBP0000032
DBS0265270	DBP0000032
DBS0265271	DBP0000032
DBS0265857	DBP0000032
DBS0265858	DBP0000032
DBS0265859	DBP0000032
DBS0265860	DBP0000032
DBS0265861	DBP0000032
DBS0265862	DBP0000032
DBS0265863	DBP0000032
DBS0265864	DBP0000032
DBS0265865	DBP0000032
DBS0265866	DBP0000032
DBS0265867	DBP0000032
DBS0265868	DBP0000032
DBS0265869	DBP0000032
DBS0265870	DBP0000032
DBS0265871	DBP0000032
DBS0265872	DBP0000032
DBS0265873	DBP0000032
DBS0265874	DBP0000032
DBS0265875	DBP0000032
DBS0265876	DBP0000032
DBS0265877	DBP0000032
DBS0265878	DBP0000032
DBS0265879	DBP0000032
DBS0265880	DBP0000032
DBS0265881	DBP0000032
DBS0265882	DBP0000032
DBS0265883	DBP0000032
DBS0265884	DBP0000032
DBS0265885	DBP0000032
DBS0265886	DBP0000032
DBS0265887	DBP0000032
DBS0265888	DBP0000032
DBS0265889	DBP0000032
DBS0265890	DBP0000032
DBS0265891	DBP0000032
DBS0265892	DBP0000032
DBS0265893	DBP0000032
DBS0265894	DBP0000032
DBS0265895	DBP0000032
DBS0266776	pBLAST
DBS0266777	pBLAST
DBS0266778	pBLAST
DBS0266818	pSKSL20
DBS0266819	pSKSL19
DBS0266872	pDEXH82
DBS0266890	DBP0000011
DBS0266893	pRHI119
DBS0266894	pRHI119
DBS0305087	pBsRH-RFPmars
DBS0305192	psp72-Bsr
DBS0305195	psp72-Bsr
DBS0305196	psp72-Bsr
DBS0305197	psp72-Bsr
DBS0305198	psp72-Bsr
DBS0305312	pBsr
DBS0305613	prrcA (DCS: 587)
DBS0305614	pchtC (DSC:588)
DBS0305672	pyr 5-6 gene replacement fragment
DBS0265272	DBP0000032
DBS0265273	DBP0000032
DBS0265274	DBP0000032
DBS0265275	DBP0000032
DBS0265276	DBP0000032
DBS0265277	DBP0000032
DBS0265278	DBP0000032
DBS0265279	DBP0000032
DBS0265280	DBP0000032
DBS0265281	DBP0000032
DBS0265282	DBP0000032
DBS0265283	DBP0000032
DBS0265284	DBP0000032
DBS0265285	DBP0000032
DBS0265286	DBP0000032
DBS0265287	DBP0000032
DBS0265288	DBP0000032
DBS0265289	DBP0000032
DBS0265290	DBP0000032
DBS0265291	DBP0000032
DBS0265292	DBP0000032
DBS0265293	DBP0000032
DBS0265294	DBP0000032
DBS0265295	DBP0000032
DBS0265296	DBP0000032
DBS0265297	DBP0000032
DBS0265298	DBP0000032
DBS0265299	DBP0000032
DBS0265300	DBP0000032
DBS0265301	DBP0000032
DBS0265302	DBP0000032
DBS0265303	DBP0000032
DBS0265304	DBP0000032
DBS0265305	DBP0000032
DBS0265306	DBP0000032
DBS0265307	DBP0000032
DBS0265308	DBP0000032
DBS0265309	DBP0000032
DBS0265310	DBP0000032
DBS0265896	DBP0000032
DBS0265897	DBP0000032
DBS0265898	DBP0000032
DBS0265899	DBP0000032
DBS0265900	DBP0000032
DBS0265901	DBP0000032
DBS0265902	DBP0000032
DBS0265903	DBP0000032
DBS0265904	DBP0000032
DBS0265905	DBP0000032
DBS0265906	DBP0000032
DBS0265907	DBP0000032
DBS0265908	DBP0000032
DBS0265909	DBP0000032
DBS0265910	DBP0000032
DBS0265911	DBP0000032
DBS0265912	DBP0000032
DBS0265913	DBP0000032
DBS0265914	DBP0000032
DBS0265915	DBP0000032
DBS0265916	DBP0000032
DBS0265917	DBP0000032
DBS0265918	DBP0000032
DBS0265919	DBP0000032
DBS0265920	DBP0000032
DBS0265921	DBP0000032
DBS0265922	DBP0000032
DBS0265923	DBP0000032
DBS0265924	DBP0000032
DBS0265925	DBP0000032
DBS0265926	DBP0000032
DBS0265927	DBP0000032
DBS0265928	DBP0000032
DBS0265929	DBP0000032
DBS0265930	DBP0000032
DBS0265931	DBP0000032
DBS0265932	DBP0000032
DBS0265933	DBP0000032
DBS0265934	DBP0000032
DBS0266904	DBP0000356
DBS0266939	DBP0000110
DBS0266983	p82ClaNeo
DBS0266941	DBP0000110
DBS0266942	DBP0000110
DBS0266943	DBP0000110
DBS0266944	DBP0000110
DBS0266945	DBP0000110
DBS0266946	DBP0000110
DBS0266947	DBP0000110
DBS0266948	DBP0000110
DBS0266984	pmBsr
DBS0266963	pMZ12
DBS0266985	pmBsr
DBS0266986	pmBsr
DBS0266987	pmBsr
DBS0266988	pmBsr
DBS0266989	pmBsr
DBS0266990	pmBsr
DBS0264687	DBP0000032
DBS0264688	DBP0000032
DBS0264689	DBP0000032
DBS0264690	DBP0000032
DBS0264691	DBP0000032
DBS0264692	DBP0000032
DBS0264693	DBP0000032
DBS0264694	DBP0000032
DBS0264695	DBP0000032
DBS0264696	DBP0000032
DBS0264697	DBP0000032
DBS0264698	DBP0000032
DBS0264699	DBP0000032
DBS0264700	DBP0000032
DBS0264701	DBP0000032
DBS0264702	DBP0000032
DBS0264703	DBP0000032
DBS0264704	DBP0000032
DBS0264705	DBP0000032
DBS0264706	DBP0000032
DBS0264707	DBP0000032
DBS0264708	DBP0000032
DBS0264709	DBP0000032
DBS0264710	DBP0000032
DBS0264711	DBP0000032
DBS0264712	DBP0000032
DBS0264713	DBP0000032
DBS0264714	DBP0000032
DBS0264715	DBP0000032
DBS0264716	DBP0000032
DBS0264717	DBP0000032
DBS0264718	DBP0000032
DBS0264719	DBP0000032
DBS0264720	DBP0000032
DBS0264721	DBP0000032
DBS0264722	DBP0000032
DBS0264723	DBP0000032
DBS0264724	DBP0000032
DBS0264725	DBP0000032
DBS0265311	DBP0000032
DBS0265312	DBP0000032
DBS0265313	DBP0000032
DBS0265314	DBP0000032
DBS0265315	DBP0000032
DBS0265316	DBP0000032
DBS0265317	DBP0000032
DBS0265318	DBP0000032
DBS0265319	DBP0000032
DBS0265320	DBP0000032
DBS0265321	DBP0000032
DBS0265322	DBP0000032
DBS0265323	DBP0000032
DBS0265324	DBP0000032
DBS0265325	DBP0000032
DBS0265326	DBP0000032
DBS0265327	DBP0000032
DBS0265328	DBP0000032
DBS0265329	DBP0000032
DBS0265330	DBP0000032
DBS0265331	DBP0000032
DBS0265332	DBP0000032
DBS0265333	DBP0000032
DBS0265334	DBP0000032
DBS0265335	DBP0000032
DBS0265336	DBP0000032
DBS0265337	DBP0000032
DBS0265338	DBP0000032
DBS0265339	DBP0000032
DBS0265340	DBP0000032
DBS0265341	DBP0000032
DBS0265342	DBP0000032
DBS0265343	DBP0000032
DBS0265344	DBP0000032
DBS0265345	DBP0000032
DBS0265346	DBP0000032
DBS0265347	DBP0000032
DBS0265348	DBP0000032
DBS0265349	DBP0000032
DBS0265935	DBP0000032
DBS0265936	DBP0000032
DBS0265937	DBP0000032
DBS0265938	DBP0000032
DBS0265939	DBP0000032
DBS0265940	DBP0000032
DBS0265941	DBP0000032
DBS0265942	DBP0000032
DBS0265943	DBP0000032
DBS0265944	DBP0000032
DBS0265945	DBP0000032
DBS0265946	DBP0000032
DBS0265947	DBP0000032
DBS0265948	DBP0000032
DBS0265949	DBP0000032
DBS0265950	DBP0000032
DBS0265951	DBP0000032
DBS0265952	DBP0000032
DBS0265953	DBP0000032
DBS0265954	DBP0000032
DBS0265955	DBP0000032
DBS0265956	DBP0000032
DBS0265957	DBP0000032
DBS0265958	DBP0000032
DBS0265959	DBP0000032
DBS0265960	DBP0000032
DBS0265961	DBP0000032
DBS0265962	DBP0000032
DBS0265963	DBP0000032
DBS0265964	DBP0000032
DBS0265965	DBP0000032
DBS0265966	DBP0000032
DBS0265967	DBP0000032
DBS0265968	DBP0000032
DBS0265969	DBP0000032
DBS0265970	DBP0000032
DBS0265971	DBP0000032
DBS0265972	DBP0000032
DBS0265973	DBP0000032
DBS0266655	iplA(del)
DBS0266694	pAH2
DBS0266745	pCulBsr
DBS0266873	pDEXH82
DBS0266892	pRHI119
DBS0266991	pmBsr
DBS0266992	pmBsr
DBS0266993	pmBsr
DBS0266994	pmBsr
DBS0266995	pmBsr
DBS0266996	pmBsr
DBS0266997	pmBsr
DBS0266998	pmBsr
DBS0266999	pmBsr
DBS0267000	pmBsr
DBS0267001	pmBsr
DBS0264726	DBP0000032
DBS0264727	DBP0000032
DBS0264728	DBP0000032
DBS0264729	DBP0000032
DBS0264730	DBP0000032
DBS0264731	DBP0000032
DBS0264732	DBP0000032
DBS0264733	DBP0000032
DBS0264734	DBP0000032
DBS0264735	DBP0000032
DBS0264736	DBP0000032
DBS0264737	DBP0000032
DBS0264738	DBP0000032
DBS0264739	DBP0000032
DBS0264740	DBP0000032
DBS0264741	DBP0000032
DBS0264742	DBP0000032
DBS0264743	DBP0000032
DBS0264744	DBP0000032
DBS0264745	DBP0000032
DBS0264746	DBP0000032
DBS0264747	DBP0000032
DBS0264748	DBP0000032
DBS0264749	DBP0000032
DBS0264750	DBP0000032
DBS0264751	DBP0000032
DBS0264752	DBP0000032
DBS0264753	DBP0000032
DBS0264754	DBP0000032
DBS0264755	DBP0000032
DBS0264756	DBP0000032
DBS0264757	DBP0000032
DBS0264758	DBP0000032
DBS0264759	DBP0000032
DBS0264760	DBP0000032
DBS0264761	DBP0000032
DBS0264762	DBP0000032
DBS0264763	DBP0000032
DBS0264764	DBP0000032
DBS0265350	DBP0000032
DBS0265351	DBP0000032
DBS0265352	DBP0000032
DBS0265353	DBP0000032
DBS0265354	DBP0000032
DBS0265355	DBP0000032
DBS0265356	DBP0000032
DBS0265357	DBP0000032
DBS0265358	DBP0000032
DBS0265359	DBP0000032
DBS0265360	DBP0000032
DBS0265361	DBP0000032
DBS0265362	DBP0000032
DBS0265363	DBP0000032
DBS0265364	DBP0000032
DBS0265365	DBP0000032
DBS0265366	DBP0000032
DBS0265367	DBP0000032
DBS0265368	DBP0000032
DBS0265369	DBP0000032
DBS0265370	DBP0000032
DBS0265371	DBP0000032
DBS0265372	DBP0000032
DBS0265373	DBP0000032
DBS0265374	DBP0000032
DBS0265375	DBP0000032
DBS0265376	DBP0000032
DBS0265377	DBP0000032
DBS0265378	DBP0000032
DBS0265379	DBP0000032
DBS0265380	DBP0000032
DBS0265381	DBP0000032
DBS0265382	DBP0000032
DBS0265383	DBP0000032
DBS0265384	DBP0000032
DBS0265385	DBP0000032
DBS0265386	DBP0000032
DBS0265387	DBP0000032
DBS0265388	DBP0000032
DBS0265974	DBP0000032
DBS0265975	DBP0000032
DBS0265976	DBP0000032
DBS0265977	DBP0000032
DBS0265978	DBP0000032
DBS0265979	DBP0000032
DBS0265980	DBP0000032
DBS0265981	DBP0000032
DBS0265982	DBP0000032
DBS0265983	DBP0000032
DBS0265984	DBP0000032
DBS0265985	DBP0000032
DBS0265986	DBP0000032
DBS0265987	DBP0000032
DBS0265988	DBP0000032
DBS0265989	DBP0000032
DBS0265990	DBP0000032
DBS0265991	DBP0000032
DBS0265992	DBP0000032
DBS0265993	DBP0000032
DBS0265994	DBP0000032
DBS0265995	DBP0000032
DBS0265996	DBP0000032
DBS0265997	DBP0000032
DBS0265998	DBP0000032
DBS0265999	DBP0000032
DBS0266000	DBP0000032
DBS0266001	DBP0000032
DBS0266002	DBP0000032
DBS0266003	DBP0000032
DBS0266004	DBP0000032
DBS0266005	DBP0000032
DBS0266006	DBP0000032
DBS0266007	DBP0000032
DBS0266008	DBP0000032
DBS0266009	DBP0000032
DBS0266010	DBP0000032
DBS0266011	DBP0000032
DBS0266012	DBP0000032
DBS0267100	pAMTAbsr
DBS0267101	HK12neo-AMTA
DBS0267124	pBLPBSR
DBS0264765	DBP0000032
DBS0264766	DBP0000032
DBS0264767	DBP0000032
DBS0264768	DBP0000032
DBS0264769	DBP0000032
DBS0264770	DBP0000032
DBS0264771	DBP0000032
DBS0264772	DBP0000032
DBS0264773	DBP0000032
DBS0264774	DBP0000032
DBS0264775	DBP0000032
DBS0264776	DBP0000032
DBS0264777	DBP0000032
DBS0264778	DBP0000032
DBS0264779	DBP0000032
DBS0264780	DBP0000032
DBS0264781	DBP0000032
DBS0264782	DBP0000032
DBS0264783	DBP0000032
DBS0264784	DBP0000032
DBS0264785	DBP0000032
DBS0264786	DBP0000032
DBS0264787	DBP0000032
DBS0264788	DBP0000032
DBS0264789	DBP0000032
DBS0264790	DBP0000032
DBS0264791	DBP0000032
DBS0264792	DBP0000032
DBS0264793	DBP0000032
DBS0264794	DBP0000032
DBS0264795	DBP0000032
DBS0264796	DBP0000032
DBS0264797	DBP0000032
DBS0264798	DBP0000032
DBS0264799	DBP0000032
DBS0264800	DBP0000032
DBS0264801	DBP0000032
DBS0264802	DBP0000032
DBS0264803	DBP0000032
DBS0265389	DBP0000032
DBS0265390	DBP0000032
DBS0265391	DBP0000032
DBS0265392	DBP0000032
DBS0265393	DBP0000032
DBS0265394	DBP0000032
DBS0265395	DBP0000032
DBS0265396	DBP0000032
DBS0265397	DBP0000032
DBS0265398	DBP0000032
DBS0265399	DBP0000032
DBS0265400	DBP0000032
DBS0265401	DBP0000032
DBS0265402	DBP0000032
DBS0265403	DBP0000032
DBS0265404	DBP0000032
DBS0265405	DBP0000032
DBS0265406	DBP0000032
DBS0265407	DBP0000032
DBS0265408	DBP0000032
DBS0265409	DBP0000032
DBS0265410	DBP0000032
DBS0265411	DBP0000032
DBS0265412	DBP0000032
DBS0265413	DBP0000032
DBS0265414	DBP0000032
DBS0265415	DBP0000032
DBS0265416	DBP0000032
DBS0265417	DBP0000032
DBS0265418	DBP0000032
DBS0265419	DBP0000032
DBS0265420	DBP0000032
DBS0265421	DBP0000032
DBS0265422	DBP0000032
DBS0265423	DBP0000032
DBS0265424	DBP0000032
DBS0265425	DBP0000032
DBS0265426	DBP0000032
DBS0265427	DBP0000032
DBS0266013	DBP0000032
DBS0266014	DBP0000032
DBS0266015	DBP0000032
DBS0266016	DBP0000032
DBS0266017	DBP0000032
DBS0266018	DBP0000032
DBS0266019	DBP0000032
DBS0266020	DBP0000032
DBS0266021	DBP0000032
DBS0266022	DBP0000032
DBS0266023	DBP0000032
DBS0266024	DBP0000032
DBS0266025	DBP0000032
DBS0266026	DBP0000032
DBS0266027	DBP0000032
DBS0266028	DBP0000032
DBS0266029	DBP0000032
DBS0266030	DBP0000032
DBS0266031	DBP0000032
DBS0266032	DBP0000032
DBS0266033	DBP0000032
DBS0266034	DBP0000032
DBS0266035	DBP0000032
DBS0266036	DBP0000032
DBS0266037	DBP0000032
DBS0266038	DBP0000032
DBS0266039	DBP0000032
DBS0266040	DBP0000032
DBS0266041	DBP0000032
DBS0266042	DBP0000032
DBS0266043	DBP0000032
DBS0266044	DBP0000032
DBS0266045	DBP0000032
DBS0266046	DBP0000032
DBS0266047	DBP0000032
DBS0266048	DBP0000032
DBS0266049	DBP0000032
DBS0266050	DBP0000032
DBS0266051	DBP0000032
DBS0266325	pRG24 + FOA selection
DBS0266326	DBP0000442
DBS0266612	dia2-gfp (pDNeo67)
DBS0302352	PCR2.1TOPO-psrA
DBS0302370	bsr cassette
DBS0302381	pB18X
DBS0302382	pB18X
DBS0302383	pB18X
DBS0302384	pB18X
DBS0302385	pB18X
DBS0302388	pRG24 + FOA selection
DBS0302399	pRtoA-KO (bsR)
DBS0302401	actin15::aprA-myc
DBS0302443	actin15::aprA
DBS0264804	DBP0000032
DBS0264805	DBP0000032
DBS0264806	DBP0000032
DBS0264807	DBP0000032
DBS0264808	DBP0000032
DBS0264809	DBP0000032
DBS0264810	DBP0000032
DBS0264811	DBP0000032
DBS0264812	DBP0000032
DBS0264813	DBP0000032
DBS0264814	DBP0000032
DBS0264815	DBP0000032
DBS0264816	DBP0000032
DBS0264817	DBP0000032
DBS0264818	DBP0000032
DBS0264819	DBP0000032
DBS0264820	DBP0000032
DBS0264821	DBP0000032
DBS0264822	DBP0000032
DBS0264823	DBP0000032
DBS0264824	DBP0000032
DBS0264825	DBP0000032
DBS0264826	DBP0000032
DBS0264827	DBP0000032
DBS0264828	DBP0000032
DBS0264829	DBP0000032
DBS0264830	DBP0000032
DBS0264831	DBP0000032
DBS0264832	DBP0000032
DBS0264833	DBP0000032
DBS0264834	DBP0000032
DBS0264835	DBP0000032
DBS0264836	DBP0000032
DBS0264837	DBP0000032
DBS0264838	DBP0000032
DBS0264839	DBP0000032
DBS0264840	DBP0000032
DBS0264841	DBP0000032
DBS0264842	DBP0000032
DBS0265428	DBP0000032
DBS0265429	DBP0000032
DBS0265430	DBP0000032
DBS0265431	DBP0000032
DBS0265432	DBP0000032
DBS0265433	DBP0000032
DBS0265434	DBP0000032
DBS0265435	DBP0000032
DBS0265436	DBP0000032
DBS0265437	DBP0000032
DBS0265438	DBP0000032
DBS0265439	DBP0000032
DBS0265440	DBP0000032
DBS0265441	DBP0000032
DBS0265442	DBP0000032
DBS0265443	DBP0000032
DBS0265444	DBP0000032
DBS0265445	DBP0000032
DBS0265446	DBP0000032
DBS0265447	DBP0000032
DBS0265448	DBP0000032
DBS0265449	DBP0000032
DBS0265450	DBP0000032
DBS0265451	DBP0000032
DBS0265452	DBP0000032
DBS0265453	DBP0000032
DBS0265454	DBP0000032
DBS0265455	DBP0000032
DBS0265456	DBP0000032
DBS0265457	DBP0000032
DBS0265458	DBP0000032
DBS0265459	DBP0000032
DBS0265460	DBP0000032
DBS0265461	DBP0000032
DBS0265462	DBP0000032
DBS0265463	DBP0000032
DBS0265464	DBP0000032
DBS0265465	DBP0000032
DBS0265466	DBP0000032
DBS0266052	DBP0000032
DBS0266053	DBP0000032
DBS0266054	DBP0000032
DBS0266055	DBP0000032
DBS0266056	DBP0000032
DBS0266057	DBP0000032
DBS0266058	DBP0000032
DBS0266059	DBP0000032
DBS0266060	DBP0000032
DBS0266061	DBP0000032
DBS0266062	DBP0000032
DBS0266063	DBP0000032
DBS0266064	DBP0000032
DBS0266065	DBP0000032
DBS0266066	DBP0000032
DBS0266067	DBP0000032
DBS0266068	DBP0000032
DBS0266069	DBP0000032
DBS0266070	DBP0000032
DBS0266071	DBP0000032
DBS0266072	DBP0000032
DBS0266073	DBP0000032
DBS0266074	DBP0000032
DBS0266075	DBP0000032
DBS0266076	DBP0000032
DBS0266077	DBP0000032
DBS0266078	DBP0000032
DBS0266079	DBP0000032
DBS0266080	DBP0000032
DBS0266081	DBP0000032
DBS0266082	DBP0000032
DBS0266083	DBP0000032
DBS0266084	DBP0000032
DBS0266085	DBP0000032
DBS0266086	DBP0000032
DBS0266087	DBP0000032
DBS0266088	DBP0000032
DBS0266089	DBP0000032
DBS0266090	DBP0000032
DBS0267125	pDm133PLC
DBS0302444	cfaD-bsr
DBS0302445	act15::cfaD
DBS0302446	act15::cfaD
DBS0302454	DBP0000011
DBS0302455	DBP0000011
DBS0302456	DBP0000011
DBS0302457	DBP0000011
DBS0302472	rescue (pUCBsr&#916;BamHI)
DBS0302473	rescue (pUCBsr&#916;BamHI)
DBS0302474	DBP0000011
DBS0302475	DBP0000011
DBS0264843	DBP0000032
DBS0264844	DBP0000032
DBS0264845	DBP0000032
DBS0264846	DBP0000032
DBS0264847	DBP0000032
DBS0264848	DBP0000032
DBS0264849	DBP0000032
DBS0264850	DBP0000032
DBS0264851	DBP0000032
DBS0264852	DBP0000032
DBS0264853	DBP0000032
DBS0264854	DBP0000032
DBS0264855	DBP0000032
DBS0264856	DBP0000032
DBS0264857	DBP0000032
DBS0264858	DBP0000032
DBS0264859	DBP0000032
DBS0264860	DBP0000032
DBS0264861	DBP0000032
DBS0264862	DBP0000032
DBS0264863	DBP0000032
DBS0264864	DBP0000032
DBS0264865	DBP0000032
DBS0264866	DBP0000032
DBS0264867	DBP0000032
DBS0264868	DBP0000032
DBS0264869	DBP0000032
DBS0264870	DBP0000032
DBS0264871	DBP0000032
DBS0264872	DBP0000032
DBS0264873	DBP0000032
DBS0264874	DBP0000032
DBS0264875	DBP0000032
DBS0264876	DBP0000032
DBS0264877	DBP0000032
DBS0264878	DBP0000032
DBS0264879	DBP0000032
DBS0264880	DBP0000032
DBS0264881	DBP0000032
DBS0265467	DBP0000032
DBS0265468	DBP0000032
DBS0265469	DBP0000032
DBS0265470	DBP0000032
DBS0265471	DBP0000032
DBS0265472	DBP0000032
DBS0265473	DBP0000032
DBS0265474	DBP0000032
DBS0265475	DBP0000032
DBS0265476	DBP0000032
DBS0265477	DBP0000032
DBS0265478	DBP0000032
DBS0265479	DBP0000032
DBS0265480	DBP0000032
DBS0265481	DBP0000032
DBS0265482	DBP0000032
DBS0265483	DBP0000032
DBS0265484	DBP0000032
DBS0265485	DBP0000032
DBS0265486	DBP0000032
DBS0265487	DBP0000032
DBS0265488	DBP0000032
DBS0265489	DBP0000032
DBS0265490	DBP0000032
DBS0265491	DBP0000032
DBS0265492	DBP0000032
DBS0265493	DBP0000032
DBS0265494	DBP0000032
DBS0265495	DBP0000032
DBS0265496	DBP0000032
DBS0265497	DBP0000032
DBS0265498	DBP0000032
DBS0265499	DBP0000032
DBS0265500	DBP0000032
DBS0265501	DBP0000032
DBS0265502	DBP0000032
DBS0265503	DBP0000032
DBS0265504	DBP0000032
DBS0265505	DBP0000032
DBS0266091	DBP0000032
DBS0266092	DBP0000032
DBS0266093	DBP0000032
DBS0266094	DBP0000032
DBS0266095	DBP0000032
DBS0266096	DBP0000032
DBS0266097	DBP0000032
DBS0266098	DBP0000032
DBS0266099	DBP0000032
DBS0266100	DBP0000032
DBS0266101	DBP0000032
DBS0266102	DBP0000032
DBS0266103	DBP0000032
DBS0266104	DBP0000032
DBS0266105	DBP0000032
DBS0266106	DBP0000032
DBS0266107	DBP0000032
DBS0266108	DBP0000032
DBS0266109	DBP0000032
DBS0266110	DBP0000032
DBS0266111	DBP0000032
DBS0266112	DBP0000032
DBS0266113	DBP0000032
DBS0266114	DBP0000032
DBS0266115	DBP0000032
DBS0266116	DBP0000032
DBS0266117	DBP0000032
DBS0266118	DBP0000032
DBS0266119	DBP0000032
DBS0266120	DBP0000032
DBS0266121	DBP0000032
DBS0266122	DBP0000032
DBS0266123	DBP0000032
DBS0266124	DBP0000032
DBS0266125	DBP0000032
DBS0266126	DBP0000032
DBS0266127	DBP0000032
DBS0266128	DBP0000032
DBS0266129	DBP0000032
DBS0266608	DBP0000478
DBS0266609	VA6aco (VA6-aco)
DBS0266611	Dd-aco(364-1075)inverse (Dd-acoRNAi)
DBS0302506	pTOPO2.1
DBS0302528	DBP0000011
DBS0264882	DBP0000032
DBS0264883	DBP0000032
DBS0264884	DBP0000032
DBS0264885	DBP0000032
DBS0264886	DBP0000032
DBS0264887	DBP0000032
DBS0264888	DBP0000032
DBS0264889	DBP0000032
DBS0264890	DBP0000032
DBS0264891	DBP0000032
DBS0264892	DBP0000032
DBS0264893	DBP0000032
DBS0264894	DBP0000032
DBS0264895	DBP0000032
DBS0264896	DBP0000032
DBS0264897	DBP0000032
DBS0264898	DBP0000032
DBS0264899	DBP0000032
DBS0264900	DBP0000032
DBS0264901	DBP0000032
DBS0264902	DBP0000032
DBS0264903	DBP0000032
DBS0264904	DBP0000032
DBS0264905	DBP0000032
DBS0264906	DBP0000032
DBS0264907	DBP0000032
DBS0264908	DBP0000032
DBS0264909	DBP0000032
DBS0264910	DBP0000032
DBS0264911	DBP0000032
DBS0264912	DBP0000032
DBS0264913	DBP0000032
DBS0264914	DBP0000032
DBS0264915	DBP0000032
DBS0264916	DBP0000032
DBS0264917	DBP0000032
DBS0264918	DBP0000032
DBS0264919	DBP0000032
DBS0264920	DBP0000032
DBS0265506	DBP0000032
DBS0265507	DBP0000032
DBS0265508	DBP0000032
DBS0265509	DBP0000032
DBS0265510	DBP0000032
DBS0265511	DBP0000032
DBS0265512	DBP0000032
DBS0265513	DBP0000032
DBS0265514	DBP0000032
DBS0265515	DBP0000032
DBS0265516	DBP0000032
DBS0265517	DBP0000032
DBS0265518	DBP0000032
DBS0265519	DBP0000032
DBS0265520	DBP0000032
DBS0265521	DBP0000032
DBS0265522	DBP0000032
DBS0265523	DBP0000032
DBS0265524	DBP0000032
DBS0265525	DBP0000032
DBS0265526	DBP0000032
DBS0265527	DBP0000032
DBS0265528	DBP0000032
DBS0265529	DBP0000032
DBS0265530	DBP0000032
DBS0265531	DBP0000032
DBS0265532	DBP0000032
DBS0265533	DBP0000032
DBS0265534	DBP0000032
DBS0265535	DBP0000032
DBS0265536	DBP0000032
DBS0265537	DBP0000032
DBS0265538	DBP0000032
DBS0265539	DBP0000032
DBS0265540	DBP0000032
DBS0265541	DBP0000032
DBS0265542	DBP0000032
DBS0265543	DBP0000032
DBS0265544	DBP0000032
DBS0266130	DBP0000032
DBS0266131	DBP0000032
DBS0266132	DBP0000032
DBS0266133	DBP0000032
DBS0266134	DBP0000032
DBS0266135	DBP0000032
DBS0266136	DBP0000032
DBS0266137	DBP0000032
DBS0266138	DBP0000032
DBS0266139	DBP0000032
DBS0266140	DBP0000032
DBS0266141	DBP0000032
DBS0266142	DBP0000032
DBS0266143	DBP0000032
DBS0266144	DBP0000032
DBS0266145	DBP0000032
DBS0266146	DBP0000032
DBS0266147	DBP0000032
DBS0266148	DBP0000032
DBS0266149	DBP0000032
DBS0266150	DBP0000032
DBS0266151	DBP0000032
DBS0266152	DBP0000032
DBS0266153	DBP0000032
DBS0266154	DBP0000032
DBS0266155	DBP0000032
DBS0266156	DBP0000032
DBS0266157	DBP0000032
DBS0266158	DBP0000032
DBS0266159	DBP0000032
DBS0266160	DBP0000032
DBS0266161	DBP0000032
DBS0266162	DBP0000032
DBS0266163	DBP0000032
DBS0266164	DBP0000032
DBS0266165	DBP0000032
DBS0266166	DBP0000032
DBS0266167	DBP0000032
DBS0266168	DBP0000032
DBS0266937	DBP0000356
DBS0302534	bsr cassette
DBS0302535	DBP0000386
DBS0302590	bsr cassette
DBS0302591	DBP0000356
DBS0302598	DBP0000356
DBS0302653	pSP73
DBS0302656	pDXA-3D
DBS0302656	DBP0000012
DBS0302672	pDneoGFP-OrcB
DBS0302673	pdneoGFP
DBS0264921	DBP0000032
DBS0264922	DBP0000032
DBS0264923	DBP0000032
DBS0264924	DBP0000032
DBS0264925	DBP0000032
DBS0264926	DBP0000032
DBS0264927	DBP0000032
DBS0264928	DBP0000032
DBS0264929	DBP0000032
DBS0264930	DBP0000032
DBS0264931	DBP0000032
DBS0264932	DBP0000032
DBS0264933	DBP0000032
DBS0264934	DBP0000032
DBS0264935	DBP0000032
DBS0264936	DBP0000032
DBS0264937	DBP0000032
DBS0264938	DBP0000032
DBS0264939	DBP0000032
DBS0264940	DBP0000032
DBS0264941	DBP0000032
DBS0264942	DBP0000032
DBS0264943	DBP0000032
DBS0264944	DBP0000032
DBS0264945	DBP0000032
DBS0264946	DBP0000032
DBS0264947	DBP0000032
DBS0264948	DBP0000032
DBS0264949	DBP0000032
DBS0264950	DBP0000032
DBS0264951	DBP0000032
DBS0264952	DBP0000032
DBS0264953	DBP0000032
DBS0264954	DBP0000032
DBS0264955	DBP0000032
DBS0264956	DBP0000032
DBS0264957	DBP0000032
DBS0264958	DBP0000032
DBS0264959	DBP0000032
DBS0265545	DBP0000032
DBS0265546	DBP0000032
DBS0265547	DBP0000032
DBS0265548	DBP0000032
DBS0265549	DBP0000032
DBS0265550	DBP0000032
DBS0265551	DBP0000032
DBS0265552	DBP0000032
DBS0265553	DBP0000032
DBS0265554	DBP0000032
DBS0265555	DBP0000032
DBS0265556	DBP0000032
DBS0265557	DBP0000032
DBS0265558	DBP0000032
DBS0265559	DBP0000032
DBS0265560	DBP0000032
DBS0265561	DBP0000032
DBS0265562	DBP0000032
DBS0265563	DBP0000032
DBS0265564	DBP0000032
DBS0265565	DBP0000032
DBS0265566	DBP0000032
DBS0265567	DBP0000032
DBS0265568	DBP0000032
DBS0265569	DBP0000032
DBS0265570	DBP0000032
DBS0265571	DBP0000032
DBS0265572	DBP0000032
DBS0265573	DBP0000032
DBS0265574	DBP0000032
DBS0265575	DBP0000032
DBS0265576	DBP0000032
DBS0265577	DBP0000032
DBS0265578	DBP0000032
DBS0265579	DBP0000032
DBS0265580	DBP0000032
DBS0265581	DBP0000032
DBS0265582	DBP0000032
DBS0265583	DBP0000032
DBS0266169	DBP0000032
DBS0266170	DBP0000032
DBS0266171	DBP0000032
DBS0266172	DBP0000032
DBS0266173	DBP0000032
DBS0266174	DBP0000032
DBS0266175	DBP0000032
DBS0266176	DBP0000032
DBS0266177	DBP0000032
DBS0266178	DBP0000032
DBS0266179	DBP0000032
DBS0266180	DBP0000032
DBS0266181	DBP0000032
DBS0266182	DBP0000032
DBS0266183	DBP0000032
DBS0266184	DBP0000032
DBS0266185	DBP0000032
DBS0266186	DBP0000032
DBS0266187	DBP0000032
DBS0266188	DBP0000032
DBS0266189	DBP0000032
DBS0266190	DBP0000032
DBS0266191	DBP0000032
DBS0266192	DBP0000032
DBS0266193	DBP0000032
DBS0266194	DBP0000032
DBS0266195	DBP0000032
DBS0266196	DBP0000032
DBS0266197	DBP0000032
DBS0266198	DBP0000032
DBS0266199	DBP0000032
DBS0266200	DBP0000032
DBS0266201	DBP0000032
DBS0266202	DBP0000032
DBS0266203	DBP0000032
DBS0266204	DBP0000032
DBS0266205	DBP0000032
DBS0266206	DBP0000032
DBS0266207	DBP0000032
DBS0266889	pDTi112
DBS0266891	pRHI119
DBS0302674	BsR cassette
DBS0304391	bsR cassette
DBS0304393	DBP0000034
DBS0304409	bsR cassette
DBS0304410	pDNeo 67
DBS0304424	pDNeo 67
DBS0304425	pDNeo 67
DBS0304456	DBP0000356
DBS0304457	DBP0000111
DBS0264960	DBP0000032
DBS0264961	DBP0000032
DBS0264962	DBP0000032
DBS0264963	DBP0000032
DBS0264964	DBP0000032
DBS0264965	DBP0000032
DBS0264966	DBP0000032
DBS0264967	DBP0000032
DBS0264968	DBP0000032
DBS0264969	DBP0000032
DBS0264970	DBP0000032
DBS0264971	DBP0000032
DBS0264972	DBP0000032
DBS0264973	DBP0000032
DBS0264974	DBP0000032
DBS0264975	DBP0000032
DBS0264976	DBP0000032
DBS0264977	DBP0000032
DBS0264978	DBP0000032
DBS0264979	DBP0000032
DBS0264980	DBP0000032
DBS0264981	DBP0000032
DBS0264982	DBP0000032
DBS0264983	DBP0000032
DBS0264984	DBP0000032
DBS0264985	DBP0000032
DBS0264986	DBP0000032
DBS0264987	DBP0000032
DBS0264988	DBP0000032
DBS0264989	DBP0000032
DBS0264990	DBP0000032
DBS0264991	DBP0000032
DBS0264992	DBP0000032
DBS0264993	DBP0000032
DBS0264994	DBP0000032
DBS0264995	DBP0000032
DBS0264996	DBP0000032
DBS0264997	DBP0000032
DBS0264998	DBP0000032
DBS0265584	DBP0000032
DBS0265585	DBP0000032
DBS0265586	DBP0000032
DBS0265587	DBP0000032
DBS0265588	DBP0000032
DBS0265589	DBP0000032
DBS0265590	DBP0000032
DBS0265591	DBP0000032
DBS0265592	DBP0000032
DBS0265593	DBP0000032
DBS0265594	DBP0000032
DBS0265595	DBP0000032
DBS0265596	DBP0000032
DBS0265597	DBP0000032
DBS0265598	DBP0000032
DBS0265599	DBP0000032
DBS0265600	DBP0000032
DBS0265601	DBP0000032
DBS0265602	DBP0000032
DBS0265603	DBP0000032
DBS0265604	DBP0000032
DBS0265605	DBP0000032
DBS0265606	DBP0000032
DBS0265607	DBP0000032
DBS0265608	DBP0000032
DBS0265609	DBP0000032
DBS0265610	DBP0000032
DBS0265611	DBP0000032
DBS0265612	DBP0000032
DBS0265613	DBP0000032
DBS0265614	DBP0000032
DBS0265615	DBP0000032
DBS0265616	DBP0000032
DBS0265617	DBP0000032
DBS0265618	DBP0000032
DBS0265619	DBP0000032
DBS0265620	DBP0000032
DBS0265621	DBP0000032
DBS0265622	DBP0000032
DBS0266208	DBP0000032
DBS0266209	DBP0000032
DBS0266210	DBP0000032
DBS0266211	DBP0000032
DBS0266212	DBP0000032
DBS0266213	DBP0000032
DBS0266214	DBP0000032
DBS0266215	DBP0000032
DBS0266216	DBP0000032
DBS0266217	DBP0000032
DBS0266218	DBP0000032
DBS0266219	DBP0000032
DBS0266220	DBP0000032
DBS0266221	DBP0000032
DBS0266222	DBP0000032
DBS0266223	DBP0000032
DBS0266224	DBP0000032
DBS0266225	DBP0000032
DBS0266226	DBP0000032
DBS0266227	DBP0000032
DBS0266228	DBP0000032
DBS0266229	DBP0000032
DBS0266230	DBP0000032
DBS0266231	DBP0000032
DBS0266232	DBP0000032
DBS0266233	DBP0000032
DBS0266234	DBP0000032
DBS0266235	DBP0000032
DBS0266236	DBP0000032
DBS0266237	DBP0000032
DBS0266238	DBP0000032
DBS0266239	DBP0000032
DBS0266240	DBP0000032
DBS0266241	DBP0000032
DBS0266242	DBP0000032
DBS0266243	DBP0000032
DBS0266244	DBP0000032
DBS0266245	DBP0000032
DBS0266246	DBP0000032
DBS0304461	DBP0000123
DBS0304465	pGem-T-padA276-bsR
DBS0304486	bsr cassette
DBS0304487	bsr cassette
DBS0304496	bsr cassette
DBS0264999	DBP0000032
DBS0265000	DBP0000032
DBS0265001	DBP0000032
DBS0265002	DBP0000032
DBS0265003	DBP0000032
DBS0265004	DBP0000032
DBS0265005	DBP0000032
DBS0265006	DBP0000032
DBS0265007	DBP0000032
DBS0265008	DBP0000032
DBS0265009	DBP0000032
DBS0265010	DBP0000032
DBS0265011	DBP0000032
DBS0265012	DBP0000032
DBS0265013	DBP0000032
DBS0265014	DBP0000032
DBS0265015	DBP0000032
DBS0265016	DBP0000032
DBS0265017	DBP0000032
DBS0265018	DBP0000032
DBS0265019	DBP0000032
DBS0265020	DBP0000032
DBS0265021	DBP0000032
DBS0265022	DBP0000032
DBS0265023	DBP0000032
DBS0265024	DBP0000032
DBS0265025	DBP0000032
DBS0265026	DBP0000032
DBS0265027	DBP0000032
DBS0265028	DBP0000032
DBS0265029	DBP0000032
DBS0265030	DBP0000032
DBS0265031	DBP0000032
DBS0265032	DBP0000032
DBS0265033	DBP0000032
DBS0265034	DBP0000032
DBS0265035	DBP0000032
DBS0265036	DBP0000032
DBS0265037	DBP0000032
DBS0265623	DBP0000032
DBS0265624	DBP0000032
DBS0265625	DBP0000032
DBS0265626	DBP0000032
DBS0265627	DBP0000032
DBS0265628	DBP0000032
DBS0265629	DBP0000032
DBS0265630	DBP0000032
DBS0265631	DBP0000032
DBS0265632	DBP0000032
DBS0265633	DBP0000032
DBS0265634	DBP0000032
DBS0265635	DBP0000032
DBS0265636	DBP0000032
DBS0265637	DBP0000032
DBS0265638	DBP0000032
DBS0265639	DBP0000032
DBS0265640	DBP0000032
DBS0265641	DBP0000032
DBS0265642	DBP0000032
DBS0265643	DBP0000032
DBS0265644	DBP0000032
DBS0265645	DBP0000032
DBS0265646	DBP0000032
DBS0265647	DBP0000032
DBS0265648	DBP0000032
DBS0265649	DBP0000032
DBS0265650	DBP0000032
DBS0265651	DBP0000032
DBS0265652	DBP0000032
DBS0265653	DBP0000032
DBS0265654	DBP0000032
DBS0265655	DBP0000032
DBS0265656	DBP0000032
DBS0265657	DBP0000032
DBS0265658	DBP0000032
DBS0265659	DBP0000032
DBS0265660	DBP0000032
DBS0265661	DBP0000032
DBS0266247	DBP0000032
DBS0266248	DBP0000032
DBS0266249	DBP0000032
DBS0266250	DBP0000032
DBS0266251	DBP0000032
DBS0266252	DBP0000032
DBS0266253	DBP0000032
DBS0266254	DBP0000032
DBS0266255	DBP0000032
DBS0266256	DBP0000032
DBS0266257	DBP0000032
DBS0266258	DBP0000032
DBS0266259	DBP0000032
DBS0266260	DBP0000032
DBS0266261	DBP0000032
DBS0266262	DBP0000032
DBS0266263	DBP0000032
DBS0266264	DBP0000032
DBS0266265	DBP0000032
DBS0266266	DBP0000032
DBS0266267	DBP0000032
DBS0266268	DBP0000032
DBS0266269	DBP0000032
DBS0266270	DBP0000032
DBS0266271	DBP0000032
DBS0266272	DBP0000032
DBS0266273	DBP0000032
DBS0266274	DBP0000032
DBS0266275	DBP0000032
DBS0266276	DBP0000032
DBS0266277	DBP0000032
DBS0266278	DBP0000032
DBS0266279	DBP0000032
DBS0266280	DBP0000032
DBS0266281	DBP0000032
DBS0266282	DBP0000032
DBS0266283	DBP0000032
DBS0266284	DBP0000032
DBS0266285	DBP0000032
DBS0304519	pGEM3GFP-Bsr
DBS0304532	pDXA-EYFP-myoJ
DBS0265038	DBP0000032
DBS0265039	DBP0000032
DBS0265040	DBP0000032
DBS0265041	DBP0000032
DBS0265042	DBP0000032
DBS0265043	DBP0000032
DBS0265044	DBP0000032
DBS0265045	DBP0000032
DBS0265046	DBP0000032
DBS0265047	DBP0000032
DBS0265048	DBP0000032
DBS0265049	DBP0000032
DBS0265050	DBP0000032
DBS0265051	DBP0000032
DBS0265052	DBP0000032
DBS0265053	DBP0000032
DBS0265054	DBP0000032
DBS0265055	DBP0000032
DBS0265056	DBP0000032
DBS0265057	DBP0000032
DBS0265058	DBP0000032
DBS0265059	DBP0000032
DBS0265060	DBP0000032
DBS0265061	DBP0000032
DBS0265062	DBP0000032
DBS0265063	DBP0000032
DBS0265064	DBP0000032
DBS0265065	DBP0000032
DBS0265066	DBP0000032
DBS0265067	DBP0000032
DBS0265068	DBP0000032
DBS0265069	DBP0000032
DBS0265070	DBP0000032
DBS0265071	DBP0000032
DBS0265072	DBP0000032
DBS0265073	DBP0000032
DBS0265074	DBP0000032
DBS0265075	DBP0000032
DBS0265076	DBP0000032
DBS0265662	DBP0000032
DBS0265663	DBP0000032
DBS0265664	DBP0000032
DBS0265665	DBP0000032
DBS0265666	DBP0000032
DBS0265667	DBP0000032
DBS0265668	DBP0000032
DBS0265669	DBP0000032
DBS0265670	DBP0000032
DBS0265671	DBP0000032
DBS0265672	DBP0000032
DBS0265673	DBP0000032
DBS0265674	DBP0000032
DBS0265675	DBP0000032
DBS0265676	DBP0000032
DBS0265677	DBP0000032
DBS0265678	DBP0000032
DBS0265679	DBP0000032
DBS0265680	DBP0000032
DBS0265681	DBP0000032
DBS0265682	DBP0000032
DBS0265683	DBP0000032
DBS0265684	DBP0000032
DBS0265685	DBP0000032
DBS0265686	DBP0000032
DBS0265687	DBP0000032
DBS0265688	DBP0000032
DBS0265689	DBP0000032
DBS0265690	DBP0000032
DBS0265691	DBP0000032
DBS0265692	DBP0000032
DBS0265693	DBP0000032
DBS0265694	DBP0000032
DBS0265695	DBP0000032
DBS0265696	DBP0000032
DBS0265697	DBP0000032
DBS0265698	DBP0000032
DBS0265699	DBP0000032
DBS0265700	DBP0000032
DBS0266286	DBP0000032
DBS0266287	DBP0000032
DBS0266288	DBP0000032
DBS0266289	DBP0000032
DBS0266290	DBP0000032
DBS0266291	DBP0000032
DBS0266292	DBP0000032
DBS0266293	DBP0000032
DBS0266294	DBP0000032
DBS0266295	DBP0000032
DBS0266296	DBP0000032
DBS0266297	DBP0000032
DBS0266298	DBP0000032
DBS0266299	DBP0000032
DBS0266300	DBP0000032
DBS0266301	DBP0000032
DBS0266302	DBP0000032
DBS0266303	DBP0000032
DBS0266304	DBP0000032
DBS0266305	DBP0000032
DBS0266306	DBP0000032
DBS0266307	DBP0000032
DBS0266308	DBP0000032
DBS0266309	DBP0000032
DBS0266310	DBP0000032
DBS0266311	DBP0000032
DBS0266312	DBP0000032
DBS0266313	DBP0000032
DBS0266314	DBP0000032
DBS0266315	DBP0000032
DBS0266316	DBP0000032
DBS0266317	DBP0000032
DBS0266318	DBP0000032
DBS0266319	DBP0000032
DBS0266320	DBP0000032
DBS0266321	DBP0000032
DBS0266328	DBP0000032
DBS0266329	DBP0000032
DBS0304547	bsR cassette
DBS0304563	pDEX79
DBS0304564	RNAi construct
DBS0304571	pDEX-GFP
DBS0304572	pDEX-GFP
DBS0304573	pDEX-GFP
DBS0304574	pDEX79
DBS0304581	hygromycin cassette
DBS0265077	DBP0000032
DBS0265078	DBP0000032
DBS0265079	DBP0000032
DBS0265080	DBP0000032
DBS0265081	DBP0000032
DBS0265082	DBP0000032
DBS0265083	DBP0000032
DBS0265084	DBP0000032
DBS0265085	DBP0000032
DBS0265086	DBP0000032
DBS0265087	DBP0000032
DBS0265088	DBP0000032
DBS0265089	DBP0000032
DBS0265090	DBP0000032
DBS0265091	DBP0000032
DBS0265092	DBP0000032
DBS0265093	DBP0000032
DBS0265094	DBP0000032
DBS0265095	DBP0000032
DBS0265096	DBP0000032
DBS0265097	DBP0000032
DBS0265098	DBP0000032
DBS0265099	DBP0000032
DBS0265100	DBP0000032
DBS0265101	DBP0000032
DBS0265102	DBP0000032
DBS0265103	DBP0000032
DBS0265104	DBP0000032
DBS0265105	DBP0000032
DBS0265106	DBP0000032
DBS0265107	DBP0000032
DBS0265108	DBP0000032
DBS0265109	DBP0000032
DBS0265110	DBP0000032
DBS0265111	DBP0000032
DBS0265112	DBP0000032
DBS0265113	DBP0000032
DBS0265114	DBP0000032
DBS0265115	DBP0000032
DBS0265701	DBP0000032
DBS0265702	DBP0000032
DBS0265703	DBP0000032
DBS0265704	DBP0000032
DBS0265705	DBP0000032
DBS0265706	DBP0000032
DBS0265707	DBP0000032
DBS0265708	DBP0000032
DBS0265709	DBP0000032
DBS0265710	DBP0000032
DBS0265711	DBP0000032
DBS0265712	DBP0000032
DBS0265713	DBP0000032
DBS0265714	DBP0000032
DBS0265715	DBP0000032
DBS0265716	DBP0000032
DBS0265717	DBP0000032
DBS0265718	DBP0000032
DBS0265719	DBP0000032
DBS0265720	DBP0000032
DBS0265721	DBP0000032
DBS0265722	DBP0000032
DBS0265723	DBP0000032
DBS0265724	DBP0000032
DBS0265725	DBP0000032
DBS0265726	DBP0000032
DBS0265727	DBP0000032
DBS0265728	DBP0000032
DBS0265729	DBP0000032
DBS0265730	DBP0000032
DBS0265731	DBP0000032
DBS0265732	DBP0000032
DBS0265733	DBP0000032
DBS0265734	DBP0000032
DBS0265735	DBP0000032
DBS0265736	DBP0000032
DBS0265737	DBP0000032
DBS0265738	DBP0000032
DBS0265739	DBP0000032
DBS0266330	DBP0000032
DBS0266331	DBP0000032
DBS0266332	DBP0000032
DBS0266333	DBP0000032
DBS0266512	DBP0000031
DBS0266620	pBLPBSR
DBS0266621	RH18
DBS0266654	DBP0000442
DBS0266664	pRED
DBS0266668	pUCBsr&#916;Bam-mdr
DBS0266673	pDXA-GABD
DBS0304582	DBP0000111
DBS0304585	DBP0000111
DBS0304586	pA15GFP
DBS0304613	pDXA3C
DBS0304614	Ddp2-ORF-pyr5-6
DBS0304615	PDXA3C-sglA-myc
DBS0304616	PDXA3C-sglA-myc
DBS0304617	PDXA3C-sglA-myc
DBS0265116	DBP0000032
DBS0265117	DBP0000032
DBS0265118	DBP0000032
DBS0265119	DBP0000032
DBS0265120	DBP0000032
DBS0265121	DBP0000032
DBS0265122	DBP0000032
DBS0265123	DBP0000032
DBS0265124	DBP0000032
DBS0265125	DBP0000032
DBS0265126	DBP0000032
DBS0265127	DBP0000032
DBS0265128	DBP0000032
DBS0265129	DBP0000032
DBS0265130	DBP0000032
DBS0265131	DBP0000032
DBS0265132	DBP0000032
DBS0265133	DBP0000032
DBS0265134	DBP0000032
DBS0265135	DBP0000032
DBS0265136	DBP0000032
DBS0265137	DBP0000032
DBS0265138	DBP0000032
DBS0265139	DBP0000032
DBS0265140	DBP0000032
DBS0265141	DBP0000032
DBS0265142	DBP0000032
DBS0265143	DBP0000032
DBS0265144	DBP0000032
DBS0265145	DBP0000032
DBS0265146	DBP0000032
DBS0265147	DBP0000032
DBS0265148	DBP0000032
DBS0265149	DBP0000032
DBS0265150	DBP0000032
DBS0265151	DBP0000032
DBS0265152	DBP0000032
DBS0265153	DBP0000032
DBS0265154	DBP0000032
DBS0265740	DBP0000032
DBS0265741	DBP0000032
DBS0265742	DBP0000032
DBS0265743	DBP0000032
DBS0265744	DBP0000032
DBS0265745	DBP0000032
DBS0265746	DBP0000032
DBS0265747	DBP0000032
DBS0265748	DBP0000032
DBS0265749	DBP0000032
DBS0265750	DBP0000032
DBS0265751	DBP0000032
DBS0265752	DBP0000032
DBS0265753	DBP0000032
DBS0265754	DBP0000032
DBS0265755	DBP0000032
DBS0265756	DBP0000032
DBS0265757	DBP0000032
DBS0265758	DBP0000032
DBS0265759	DBP0000032
DBS0265760	DBP0000032
DBS0265761	DBP0000032
DBS0265762	DBP0000032
DBS0265763	DBP0000032
DBS0265764	DBP0000032
DBS0265765	DBP0000032
DBS0265766	DBP0000032
DBS0265767	DBP0000032
DBS0265768	DBP0000032
DBS0265769	DBP0000032
DBS0265770	DBP0000032
DBS0265771	DBP0000032
DBS0265772	DBP0000032
DBS0265773	DBP0000032
DBS0265774	DBP0000032
DBS0265775	DBP0000032
DBS0265776	DBP0000032
DBS0265777	DBP0000032
DBS0265778	DBP0000032
DBS0349942	pYW3
DBS0349966	DBP0000540
DBS0350034	pEXP4+?
DBS0349660	DBP0000722
DBS0349661	DBP0000723
DBS0349662	DBP0000724
DBS0349663	pDDB_G0348834/DDB_G0348835-REMI
DBS0349664	DBP0000726
DBS0349665	DBP0000727
DBS0349666	DBP0000728
DBS0349667	DBP0000729
DBS0349668	DBP0000730
DBS0349669	DBP0000731
DBS0349670	DBP0000732
DBS0349671	DBP0000733
DBS0349672	DDB_G0290481-REMI
DBS0349673	DBP0000735
DBS0349674	DDB_G0285859
DBS0349675	DBP0000707
DBS0349676	DBP0000707
DBS0349677	DBP0000739
DBS0349678	DBP0000707
DBS0349795	pDM450 (Gateway)
DBS0348920	RH18:ptx-FLAG
DBS0349794	floxed Bsr cassette
DBS0349887	floxed BsR cassette
DBS0349901	pEZTN:tetR-bsR
DBS0349913	pB17S-EYFP
DBS0349914	pB17S-EYFP
DBS0348921	ptx-FLAG
DBS0350025	bsR-cassete
DBS0350033	pEXP4+?
DBS0348922	ptx-FLAG
DBS0349679	DBP0000741
DBS0349680	DDB_G0273059 DDB_G0273737
DBS0349681	DBP0000743
DBS0349682	DBP0000744
DBS0349683	DBP0000745
DBS0349684	pDDB_G0269308_ps/DDB_G0270470-REMI
DBS0349685	DBP0000747
DBS0349686	pDDB_G0348834/DDB_G0348835-REMI
DBS0349687	DBP0000749
DBS0349688	pDDB_G0271700-REMI
DBS0349689	pDDB_G0280167-REMI
DBS0349690	pDDB_G0280167-REMI
DBS0349691	p24DdBBC732.B2
DBS0349692	pDDB_G0289757-REMI
DBS0349693	pDDB_G0290407
DBS0349694	pDDB_G0274309-REMI
DBS0349695	pDDB_G0272370-REMI
DBS0349541	DBP0000676
DBS0349542	DBP0000736
DBS0349543	DBP0000678
DBS0349544	DBP0000679
DBS0349545	DBP0000680
DBS0349546	DBP0000681
DBS0349547	DBP0000682
DBS0349548	DBP0000682
DBS0349549	DBP0000684
DBS0349550	DBP0000685
DBS0349551	DBP0000686
DBS0349552	DBP0000687
DBS0349553	DBP0000688
DBS0349554	DBP0000689
DBS0349555	DBP0000690
DBS0349556	DBP0000691
DBS0349557	DBP0000692
DBS0349558	DBP0000693
DBS0349559	DBP0000694
DBS0349560	DBP0000695
DBS0349561	DBP0000696
DBS0349562	DBP0000697
DBS0349563	DBP0000698
DBS0349564	DBP0000699
DBS0349565	DBP0000700
DBS0349566	DBP0000701
DBS0349567	DBP0000702
DBS0349568	DBP0000703
DBS0349569	DBP0000704
DBS0349570	DBP0000705
DBS0349571	DBP0000706
DBS0349572	DBP0000707
DBS0349573	DBP0000708
DBS0349574	DBP0000709
DBS0349575	DBP0000710
DBS0349576	DBP0000711
DBS0349577	DBP0000712
DBS0306505	DBP0000592
DBS0350020	pCA450
DBS0350031	pEXP4+?
DBS0350032	pEXP4+?
DBS0350043	bsr cassette
DBS0350057	p13-8
DBS0350097	bsr cassette
DBS0349721	[tgrC1AX4]:tgrC1QS45-bsR
DBS0349722	[act15]:GFP-neoR
DBS0349723	[act15]:tdTomato-neoR
DBS0349724	tgrB1-hygR
DBS0349725	act15:tdTomato-neoR
DBS0349726	act15:GFP-neoR
DBS0349727	act15tdTomato-neoR
DBS0349728	act15:GFP-neoR
DBS0349729	act15:tdTomato-neoR
DBS0349730	pyr56-
DBS0349731	tgrB1/tgrC1-pyr56+
DBS0349732	act15:GFP-neoR
DBS0349733	act15:tdTomato-neoR
DBS0349734	AX4-tgrB1/ tgrC1
DBS0349735	act15:GFP-neoR
DBS0349736	act15:tdTomato-neoR
DBS0349737	QS4-tgrB1/ tgrC1
DBS0349738	QS31-tgrB1/ tgrC1
DBS0349739	QS38-tgrB1/ tgrC1
DBS0349740	QS45-tgrB1/ tgrC1
DBS0349578	DBP0000713
DBS0349579	DBP0000714
DBS0349580	DBP0000715
DBS0349581	DBP0000716
DBS0349582	DBP0000717
DBS0349583	pDDB_G0284019-REMI
DBS0349584	pDDB_G0279941-REMI
DBS0349585	pDDB_G0267490-REMI
DBS0349586	pDDB_G0275659-REMI
DBS0349587	pDDB_G0272785-REMI
DBS0349588	pDDB_G0282311-REMI
DBS0349589	pDDB_G0290803-REMI
DBS0349590	DBP0000645
DBS0349591	DBP0000642
DBS0349592	DBP0000646
DBS0349593	DBP0000643
DBS0349594	DBP0000652
DBS0349595	DBP0000653
DBS0349596	DBP0000658
DBS0349597	DBP0000651
DBS0349598	DBP0000644
DBS0349599	DBP0000659
DBS0349600	DBP0000656
DBS0349601	DBP0000640
DBS0349602	DBP0000650
DBS0349603	p24DdBBC723.A4
DBS0349604	DBP0000656
DBS0349605	DBP0000647
DBS0349606	DBP0000648
DBS0349607	pDDB_G0269760/DDB_G0270940-REMI
DBS0349608	DBP0000654
DBS0349609	DBP0000649
DBS0349610	pDDB_G0277655_ps-REMI
DBS0349611	pDDB_G0282337-REMI
DBS0349612	pDDB_G0293438-REMI
DBS0349613	pDDB_G0284445-REMI
DBS0350005	DBP0000111
DBS0350112	DBP0000011
DBS0350063	DBP0000009
DBS0350064	DBP0000009
DBS0349741	AX4- tgrB1/ tgrC1-bsR
DBS0349742	QS4-tgrB1/ tgrC1-bsR
DBS0349743	QS31-tgrB1/ tgrC1-bsR
DBS0349744	act15:GFP-neoR
DBS0349745	act15:tdTomato-neoR
DBS0349746	act15:GFP-neoR
DBS0349747	act15:tdTomato
DBS0349747	neoR
DBS0349748	act15:GFP-neoR
DBS0349749	act15:tdTomato-neoR
DBS0349750	act15:GFP-neoR
DBS0349751	act15:tdTomato-neoR
DBS0349810	pEcmB-Gal
DBS0349814	pDneo2a-GFP-repE
DBS0349841	pBigGFPmyo
DBS0349843	pBigGFPmyo
DBS0349929	pDNeoII (pSB13)
DBS0349947	ndm-ko
DBS0349948	ndm-mRFP
DBS0349968	pB17S-EYFP
DBS0350012	pFDPS-GFP (derived from pLD1A15SN)
DBS0349614	pDDB_G0278499/alp-REMI
DBS0349615	pDDB_G0286651-REMI
DBS0349616	pDDB_G0290061-REMI
DBS0349617	pDDB_G0349497_ps/ifkA-REMI
DBS0349618	pDDB_G0290969-REMI
DBS0349619	pDDB_G0284747-REMI
DBS0349620	pDDB_G0277167-REMI
DBS0349621	pDDB_G0269202-REMI
DBS0349985	pPB14-29
DBS0350060	bsr cassette
DBS0305951	pSP72BSR-epsinKO
DBS0349787	DBP0000517
DBS0350016	pV18
DBS0350027	pEXP4+?
DBS0350029	pEXP4+?
DBS0350030	pEXP4+?
DBS0350035	pEXP4+?
DBS0350037	pEXP4+?
DBS0350040	bsr cassette (derived from pLPBLP)
DBS0350041	bsr cassette (derived from pLPBLP)
DBS0350051	bsr cassette
DBS0350056	pIS193
DBS0350098	pGEX4T1
DBS0349862	DBP0000009
DBS0349786	pJK1-GFP
DBS0349938	DBP0000410
DBS0349984	pAK35
DBS0350067	pLPBLP-bsr cassette
DBS0350069	DBP0000550
DBS0306506	pTasB::LacZ
DBS0306507	pTasBexp (pEXP5)
DBS0307936	ptgB-BsR
DBS0347874	pBS-&#916;dymA
DBS0349912	pB17S-EYFP
DBS0349916	pB17S-EYFP
DBS0349936	pDCEV4
DBS0350018	pV18
DBS0350042	DBP0000386
DBS0350045	DBP0000540
DBS0350050	DBP0000063
DBS0350052	DBP0000528
DBS0350053	DBP0000528
DBS0350062	pJSK321
DBS0350089	DBP0000070
DBS0349847	pDXA
DBS0349848	pDXA-based
DBS0350015	pV18
DBS0350019	bsr cassette
DBS0350021	pUCBsrDeltaBam
DBS0350024	DBP0000121
DBS0350101	pGEM-T Easy
DBS0349891	floxed BsR cassette
DBS0349907	DBP0000356
DBS0349953	DBP0000833
DBS0349957	SMA-ko
DBS0349958	SMA-ko
DBS0349971	pB17S-EYFP
DBS0349972	DBP0000804
DBS0349987	DBP0000046
DBS0349989	pPspA-ile-gal
DBS0350009	DBP0000540
DBS0350049	DBP0000063
DBS0350058	p13-8
DBS0349868	DBP0000842
DBS0349949	pLD1A15SN:14-3-3
DBS0350044	plD1A15SN
DBS0349999	pDEXRH?
DBS0350004	pRRK2 (derived from pLPBLP)
DBS0350099	pGEX4T1
DBS0350100	pGEX4T1
DBS0350102	DBP0000613
DBS0349888	floxed BsR cassette
DBS0349889	DBP0000021
DBS0350017	bsr cassette (derived from pUCBsrdeltaBam)
DBS0349871	DBP0000034
DBS0349886	floxed BsR cassette
DBS0350036	pEXP4+?
DBS0350038	bsr cassette (derived from pLPBLP)
DBS0349941	pTOPO-sunB-KO
DBS0350061	bsr cassette
DBS0306235	pPT132-secG
DBS0349866	DBP0000842
DBS0349869	bsR resistance cassette
DBS0349884	floxed BsR cassette
DBS0350010	DBP0000540
DBS0350059	bsr cassette
DBS0349788	pLPBLP (cre-lox)
DBS0349961	DBP0000818
DBS0349963	SMA-ko
DBS0350047	DBP0000021
DBS0306166	bsR resistance cassette
DBS0350072	DBP0000009
DBS0350076	pGEMT-EASY/pBSR519
DBS0306170	pDXA-based vectors
DBS0306171	pDXA-based vectors
DBS0306172	pDXA-based vectors
DBS0306173	pDXA-based vectors
DBS0306196	bsr cassette
DBS0349902	pLD1(Dd-PIAS/Dd-PIAS-GFP)
DBS0349930	pDEX-RH-GFP
DBS0350003	pDEX-GFP-Aip1
DBS0350011	DBP0000540
DBS0350092	pLPBLP (floxed Bsr cassette)
DBS0350093	nramp1 KO vector
DBS0306167	bsR resistance cassette
DBS0306168	bsR resistance cassette
DBS0306169	DBP0000008
DBS0349905	pDEX-GFP
DBS0309039	KO phg1a-G418 (pMB2)
DBS0349885	floxed BsR cassette
DBS0349890	DBP0000021
DBS0349892	floxed BsR cassette
DBS0349997	pDd17
DBS0350048	DBP0000243
DBS0350071	DBP0000009
DBS0350073	DBP0000009
DBS0350075	DBP0000009
DBS0350077	DBP0000008
DBS0350078	DBP0000008
DBS0349839	DBP0000063
DBS0349840	pDEX H
DBS0349867	DBP0000842
DBS0349935	pBsr2
DBS0349937	pBsr2
DBS0349946	pLD1A15SN:14-3-3-GFP
DBS0349950	LMBD2B-ko
DBS0349954	DBP0000833
DBS0349955	ampA-mRFP
DBS0349956	pLD1A15SN:14-3-3(K49E)-GFP
DBS0349960	DBP0000818
DBS0350000	pMZ106 (derived from pRHI76)
DBS0307358	DBP0000592
DBS0309108	made by Francois Letourneur
DBS0348919	pBLPBSR:ptx-FLAG
DBS0349798	ecmA-lacZ
DBS0349799	ecmB-lacZ
DBS0349804	pGEM-T-detA-LPBLP
DBS0349805	DBP0000614
DBS0349808	DBP0000050
DBS0349809	pEcmA-Gal
DBS0349811	pEcm0-Gal
DBS0349818	pDneo2a-3xHA-repE
DBS0349819	pDneo2a-3xHA-culD
DBS0350054	DBP0000063
DBS0350055	DBP0000063
DBS0350108	bsr cassette
DBS0350109	bsr cassette
DBS0349797	bsR resistance cassette
DBS0349874	DBP0000540
DBS0349924	pDCEV4
DBS0350013	pUCBsrdeltaBam
DBS0350014	pV18
DBS0350026	pEXP4+?
DBS0306380	DBP0000592
DBS0349992	btg-i-alpha-Gal
DBS0350111	DBP0000011
DBS0349962	ampAFB-
DBS0307850	DBP0000009
DBS0307942	DBP0000588
DBS0349844	BsR resistance cassette
DBS0349845	pDXA-HVTS
DBS0349911	puc18-Bsr
DBS0349915	pB17S-EYFP
DBS0349917	pB17S-EYFP
DBS0349918	pB17S-EYFP
DBS0307933	pSP70-lacZ
DBS0350106	bsr cassette
DBS0350110	DBP0000045
DBS0349802	ecmA-lacZ
DBS0349803	ecmB-lacZ
DBS0349964	bsr cassette
DBS0350007	pBsr-Delta-BamH1
DBS0350008	DBP0000540
DBS0305979	pBsr-C-GFP
DBS0306102	pVEII-AS
DBS0306103	Thy1+ KO construct
DBS0307943	ptagB/lacz
DBS0349864	DBP0000540
DBS0309071	V/psA-I-s65t (from Harry MacWilliams)
DBS0349865	DBP0000540
DBS0349923	pDRH
DBS0349974	DBP0000051
DBS0350091	DBP0000533
DBS0307934	p63NeoGal
DBS0307935	ptagB/lacZ
DBS0309040	pSadA-KO vector from Rex Chisholm
DBS0350090	DBP0000532
DBS0305977	BsR / cre-lox resistance cassette
DBS0305978	pBsr-N-GFP
DBS0306234	DBP0000009
DBS0309063	lvsAKO(Bsr)- (from De Lozanne)
DBS0349806	DBP0000613
DBS0349816	pDneo2a-3xHA-culD
DBS0349817	pDneo2a-3xHA-repE
DBS0349873	DBP0000540
DBS0349908	DBP0000110
DBS0349959	pGEM3 + bsr
DBS0349998	pMZ107 (derived from pRHI76)
DBS0306243	pRG11
DBS0349807	pDneo2a-GFP-detA
DBS0349812	[ecmA0:GFP]
DBS0349813	[cotB:GFP]
DBS0349858	pDXA-GFP
DBS0350023	DBP0000121
DBS0350028	BsR-cassete
DBS0349875	pDM2
DBS0349876	floxed BsR cassette
DBS0349880	floxed BsR cassette
DBS0349878	floxed BsR cassette
DBS0349879	floxed BsR cassette
DBS0349904	pUCBsr&#916;Bam (pUCBsrdeltaBam)
DBS0307941	DBP0000588
DBS0349791	DBP0000011
DBS0349792	DBP0000011
DBS0349846	pDXA-based?
DBS0349933	pBSR
DBS0347875	pE1-&Delta;dymB
DBS0349777	plS1-htt
DBS0349849	pDXA-GFP
DBS0349852	pDXA-based?
DBS0349853	pDTb35R
DBS0349854	pDXA-pakBdPL
DBS0349855	pDXA-pakBdPL
DBS0349926	DBP0000009
DBS0349903	pLD1(actin15/Dd-PIAS)
DBS0349983	plS191
DBS0350022	DBP0000121
DBS0306125	DBP0000009
DBS0306126	DBP0000009
DBS0306244	pIS258
DBS0309109	pBLPBSR/remi mutant rescue HAD172
DBS0349850	pDXA
DBS0349861	pDNeo2
DBS0349863	wshA::bsr
DBS0349906	Bsr cassette
DBS0349934	pTMV18
DBS0350074	DBP0000009
DBS0350079	DBP0000532
DBS0306059	pVMGxU
DBS0349928	[act15deltaBam]:gal
DBS0349969	pB17S-EYFP
DBS0349970	pB17S-EYFP
DBS0349986	bsr cassette
DBS0349860	pA15GFP
DBS0306101	pRHI9-AS
DBS0306227	DBP0000112
DBS0349993	btg-i-alpha-Gal
DBS0349815	pDneo2a-GFP-culD
DBS0349995	pDd17
DBS0349996	pDd17
DBS0349944	pLD1A15SN-hairpin
DBS0349952	LMBD2B-ko
DBS0350070	pDNeoII (pKB22)
DBS0347171	PDV-MidA-GFP-TAP
DBS0349870	pDdGal-15 (H+)
DBS0349894	pDex27
DBS0350068	pLPBLP-bsr cassette
DBS0349776	pBluecript-htt (BsR)
DBS0349789	bsR resistance cassette
DBS0349859	DBP0000804
DBS0349939	pLPBLP (pACR-KO)
DBS0349940	pB17S-EYFP
DBS0350001	DBP0000310
DBS0350002	DBP0000310
DBS0350065	bsr cassette
DBS0349994	btg-i-alpha-Gal
DBS0350095	bsr cassette
DBS0350096	bsr cassette
DBS0350107	bsr cassette
DBS0306127	DBP0000009
DBS0349790	DBP0000011
DBS0349910	DBP0000094
DBS0349698	[act15]:GFP-neoR
DBS0349699	[act15]:GFP-neoR
DBS0349700	pDEX-NLS-Cre
DBS0349701	[tgrB1AX4]:tgrB1AX4-bsR
DBS0349702	[act15]:GFP-neoR
DBS0349703	[act15]:tdTomato-neoR
DBS0349704	[tgrB1AX4]:tgrB1QS4-bsR
DBS0349705	[act15]:GFP-neoR
DBS0349706	[tgrB1AX4]:tgrB1QS38-bsR
DBS0349707	[act15]:tdTomato-neoR
DBS0349708	[tgrB1AX4]:tgrB1QS45-bsR
DBS0349709	[act15]:GFP-neoR
DBS0349710	[act15]:tdTomato-neoR
DBS0349711	[tgrC1AX4]:tgrC1AX4-bsR
DBS0349712	[tgrC1AX4]:tgrC1QS4-bsR
DBS0349713	[act15]:GFP-neoR
DBS0349714	[act15]:tdTomato-neoR
DBS0349715	[tgrC1AX4]:tgrC1QS31-bsR
DBS0349716	[act15]:GFP-neoR
DBS0349717	[act15]:tdTomato-neoR
DBS0349718	[tgrC1AX4]:tgrC1QS38-bsR
DBS0349719	[act15]:GFP-neoR
DBS0349720	[act15]:tdTomato-neoR
DBS0349922	pDRH
DBS0349951	LMBD2B-ko
DBS0350039	bsr cassette (derived from pLPBLP)
DBS0349837	pANT5
DBS0349899	pJK1-GFP
DBS0349919	pDRH
DBS0349920	pDRH
DBS0349921	pDRH
